datetime,station,pm25,pm10,no2,o3,so2,co,temperature,humidity,aqi
2026-01-01 00:00:00,Tumbaco,18.3,39.59,15.3,21.1,7.29,0.57,21.27,66.95,46.48
2026-01-01 01:00:00,Los Chillos,27.81,33.72,25.66,26.01,0.1,0.53,25.1,82.94,82.72
2026-01-01 02:00:00,Carapungo,33.6,50.19,37.26,36.36,4.97,0.68,13.68,49.24,107.03
2026-01-01 03:00:00,Los Chillos,23.79,62.23,36.65,34.26,4.79,0.57,17.32,69.73,102.87
2026-01-01 04:00:00,Los Chillos,15.68,46.7,30.64,18.39,4.09,0.54,10.86,55.37,59.24
2026-01-01 05:00:00,Cotocollao,28.35,25.77,34.44,30.46,8.45,0.24,18.58,58.94,84.48
2026-01-01 06:00:00,Carapungo,48.17,76.42,33.37,14.15,3.23,0.41,19.1,55.36,118.78
2026-01-01 07:00:00,Carapungo,63.89,68.21,70.75,28.33,6.54,1.04,17.88,56.22,180.72
2026-01-01 08:00:00,Carapungo,67.75,142.54,55.14,41.28,5.71,1.41,16.04,97.66,200.0
2026-01-01 09:00:00,Los Chillos,26.87,91.8,27.17,21.36,7.52,0.87,11.85,75.13,100.04
2026-01-01 10:00:00,Tumbaco,11.27,30.63,28.98,22.16,3.67,0.67,19.12,78.22,52.03
2026-01-01 11:00:00,Carapungo,27.29,83.48,39.76,33.35,3.53,0.79,22.37,70.9,113.63
2026-01-01 12:00:00,Los Chillos,22.45,46.02,21.46,17.2,7.19,0.44,16.23,45.72,73.38
2026-01-01 13:00:00,Cotocollao,33.83,63.57,23.28,23.57,5.85,0.67,19.32,69.74,89.38
2026-01-01 14:00:00,Tumbaco,6.77,41.82,21.9,32.18,1.91,0.45,13.3,77.88,38.29
2026-01-01 15:00:00,Cotocollao,37.66,35.54,31.58,23.56,3.92,0.77,19.37,54.76,93.87
2026-01-01 16:00:00,Tumbaco,16.59,28.28,21.26,26.35,5.77,0.63,16.82,76.58,69.63
2026-01-01 17:00:00,Los Chillos,27.88,90.67,41.24,33.21,6.68,0.99,15.71,73.45,120.9
2026-01-01 18:00:00,Centro,29.2,83.95,81.06,30.95,3.64,0.67,15.72,87.22,123.06
2026-01-01 19:00:00,Tumbaco,10.51,46.73,40.29,29.87,0.1,1.11,16.82,59.99,62.27
2026-01-01 20:00:00,Cotocollao,47.17,50.61,43.77,25.63,6.05,1.53,19.15,51.83,138.81
2026-01-01 21:00:00,Los Chillos,22.59,51.35,32.53,30.59,2.56,0.4,14.06,60.66,70.86
2026-01-01 22:00:00,Tumbaco,9.34,60.75,13.39,27.13,0.97,0.53,16.81,82.23,57.49
2026-01-01 23:00:00,Centro,16.3,40.58,39.46,31.2,0.1,0.65,17.88,43.06,68.73
2026-01-02 00:00:00,Centro,27.04,63.51,55.26,24.52,6.63,0.76,14.7,40.18,118.37
2026-01-02 01:00:00,Carapungo,45.96,86.04,30.23,26.72,5.26,0.49,23.39,66.07,117.02
2026-01-02 02:00:00,Carapungo,25.9,56.95,23.68,21.07,4.55,0.1,15.44,59.69,85.62
2026-01-02 03:00:00,Cotocollao,10.97,56.96,21.76,27.75,7.78,0.87,15.99,65.09,63.75
2026-01-02 04:00:00,Tumbaco,16.03,23.25,13.03,22.32,6.27,0.75,15.07,76.34,52.01
2026-01-02 05:00:00,Tumbaco,15.85,41.14,14.98,20.2,8.23,0.25,23.4,58.37,36.88
2026-01-02 06:00:00,Carapungo,1.0,54.85,28.65,29.81,2.21,0.48,19.66,42.52,31.44
2026-01-02 07:00:00,Tumbaco,25.88,71.74,16.51,29.49,4.93,1.37,15.19,89.53,87.82
2026-01-02 08:00:00,Tumbaco,24.18,75.37,30.15,33.48,1.77,1.33,21.32,53.03,99.35
2026-01-02 09:00:00,Centro,57.9,176.07,67.66,24.98,4.54,1.18,18.6,52.29,189.97
2026-01-02 10:00:00,Carapungo,47.83,69.8,23.06,30.86,4.5,0.56,18.77,78.24,108.75
2026-01-02 11:00:00,Los Chillos,31.01,49.89,37.15,31.86,6.25,0.62,16.97,60.39,100.56
2026-01-02 12:00:00,Carapungo,25.8,62.29,37.81,31.11,5.09,0.57,15.75,64.24,97.49
2026-01-02 13:00:00,Los Chillos,13.15,39.7,33.24,22.22,6.25,0.83,19.01,70.79,63.31
2026-01-02 14:00:00,Centro,59.62,70.11,27.63,29.05,6.41,0.42,16.36,78.0,141.49
2026-01-02 15:00:00,Cotocollao,24.72,44.63,35.02,30.55,9.31,0.44,23.45,61.0,72.99
2026-01-02 16:00:00,Tumbaco,17.69,38.02,13.01,28.05,4.37,0.8,14.19,83.24,56.46
2026-01-02 17:00:00,Centro,45.79,136.0,67.46,13.39,3.12,0.89,22.61,39.37,175.81
2026-01-02 18:00:00,Tumbaco,28.3,35.88,31.65,29.12,5.49,1.31,17.67,74.12,89.51
2026-01-02 19:00:00,Cotocollao,34.39,102.46,48.55,43.49,3.4,0.7,18.9,54.93,130.62
2026-01-02 20:00:00,Cotocollao,28.73,106.85,25.73,25.48,7.96,0.88,20.5,81.47,124.94
2026-01-02 21:00:00,Centro,24.68,60.52,24.98,22.9,4.43,0.42,16.11,66.7,68.57
2026-01-02 22:00:00,Cotocollao,23.91,14.49,32.76,30.61,3.87,0.6,20.59,56.93,77.04
2026-01-02 23:00:00,Los Chillos,17.65,35.88,17.41,30.19,4.06,0.3,9.88,72.95,71.01
2026-01-03 00:00:00,Cotocollao,17.93,70.9,31.58,36.35,6.44,0.5,15.84,75.72,79.37
2026-01-03 01:00:00,Tumbaco,18.28,35.73,11.25,19.19,4.68,0.31,15.23,72.7,59.03
2026-01-03 02:00:00,Tumbaco,15.97,24.01,25.43,33.12,3.72,0.74,14.24,52.64,52.35
2026-01-03 03:00:00,Tumbaco,27.23,29.94,12.11,32.13,8.33,0.74,17.36,59.19,64.35
2026-01-03 04:00:00,Tumbaco,1.0,46.09,23.53,27.0,3.29,0.25,19.16,64.95,43.51
2026-01-03 05:00:00,Los Chillos,30.73,53.2,30.01,30.37,5.07,0.87,20.11,64.5,100.56
2026-01-03 06:00:00,Carapungo,41.56,53.84,25.25,35.21,6.3,1.1,18.72,74.0,118.74
2026-01-03 07:00:00,Centro,11.37,82.95,62.28,34.11,1.74,0.91,16.0,40.82,110.71
2026-01-03 08:00:00,Tumbaco,23.11,46.95,32.5,20.0,5.96,0.71,19.11,69.01,78.41
2026-01-03 09:00:00,Cotocollao,31.4,51.42,34.14,33.74,2.89,1.75,18.37,61.52,114.4
2026-01-03 10:00:00,Tumbaco,8.59,55.38,13.55,27.55,6.65,0.34,20.81,54.94,46.38
2026-01-03 11:00:00,Cotocollao,17.36,44.18,10.23,28.51,3.07,0.6,20.33,56.09,65.07
2026-01-03 12:00:00,Cotocollao,14.43,69.58,30.58,28.51,6.39,0.64,18.09,62.43,76.77
2026-01-03 13:00:00,Tumbaco,28.81,54.26,9.99,26.95,7.21,0.87,15.31,21.79,82.58
2026-01-03 14:00:00,Los Chillos,29.49,59.97,25.76,36.34,6.72,0.67,16.04,56.58,95.58
2026-01-03 15:00:00,Cotocollao,35.39,42.38,25.18,27.41,5.5,0.5,16.35,54.49,77.5
2026-01-03 16:00:00,Cotocollao,30.55,56.16,33.48,20.16,4.54,0.41,17.05,71.39,81.84
2026-01-03 17:00:00,Tumbaco,15.56,53.56,27.1,25.25,3.85,0.8,18.8,55.33,70.3
2026-01-03 18:00:00,Cotocollao,29.38,51.88,36.9,29.25,7.94,0.6,20.15,62.42,80.02
2026-01-03 19:00:00,Cotocollao,42.76,82.28,50.91,36.6,3.6,0.91,17.85,83.51,142.32
2026-01-03 20:00:00,Tumbaco,14.67,32.78,33.22,32.22,2.93,0.73,18.05,76.93,72.81
2026-01-03 21:00:00,Tumbaco,22.16,50.25,22.02,22.05,6.33,0.3,18.43,75.83,72.37
2026-01-03 22:00:00,Centro,28.11,53.24,40.26,45.4,3.41,0.85,16.45,59.0,91.33
2026-01-03 23:00:00,Los Chillos,19.0,48.02,12.72,29.85,3.1,0.5,15.22,71.52,73.55
2026-01-04 00:00:00,Los Chillos,27.69,49.25,31.05,36.93,2.11,0.35,12.73,62.19,102.93
2026-01-04 01:00:00,Cotocollao,28.11,45.23,32.89,26.94,4.03,0.57,15.91,62.65,87.36
2026-01-04 02:00:00,Los Chillos,19.11,53.8,16.87,31.73,4.83,0.61,19.42,69.92,72.63
2026-01-04 03:00:00,Cotocollao,34.4,41.66,25.35,33.88,5.49,0.25,15.89,57.84,90.05
2026-01-04 04:00:00,Centro,18.69,81.3,34.56,36.53,6.9,0.67,17.29,82.92,94.06
2026-01-04 05:00:00,Tumbaco,21.54,19.85,19.14,35.4,6.05,0.39,19.4,63.08,59.61
2026-01-04 06:00:00,Tumbaco,21.4,37.52,22.14,34.11,4.62,0.94,19.56,72.42,72.15
2026-01-04 07:00:00,Tumbaco,23.43,88.9,43.74,25.79,4.6,1.06,14.76,82.47,112.31
2026-01-04 08:00:00,Los Chillos,36.91,44.99,50.48,24.0,6.02,0.78,20.99,77.38,128.72
2026-01-04 09:00:00,Centro,25.18,73.15,30.45,30.33,7.55,0.68,21.38,48.09,80.92
2026-01-04 10:00:00,Los Chillos,29.39,52.71,29.98,34.53,5.25,0.58,14.61,70.34,90.02
2026-01-04 11:00:00,Los Chillos,20.52,47.69,35.63,26.44,4.06,0.72,15.53,75.21,69.75
2026-01-04 12:00:00,Centro,24.95,70.36,39.33,35.46,3.01,0.59,21.57,75.7,109.51
2026-01-04 13:00:00,Centro,42.55,73.27,47.22,38.17,2.11,0.56,17.56,51.64,122.84
2026-01-04 14:00:00,Centro,22.91,76.33,57.54,21.59,6.33,0.61,11.34,57.12,92.06
2026-01-04 15:00:00,Centro,15.03,86.3,46.47,22.14,6.16,0.48,13.8,76.93,93.6
2026-01-04 16:00:00,Tumbaco,7.64,40.92,21.6,27.02,6.15,0.53,17.25,55.86,62.93
2026-01-04 17:00:00,Carapungo,52.35,80.69,65.05,30.15,4.74,0.27,14.51,61.4,155.61
2026-01-04 18:00:00,Carapungo,22.93,107.42,51.01,24.33,7.81,1.19,16.76,83.91,117.56
2026-01-04 19:00:00,Centro,75.68,154.35,52.9,37.47,4.03,0.99,18.1,64.43,200.0
2026-01-04 20:00:00,Carapungo,10.42,83.87,43.27,30.97,6.91,0.67,22.39,56.28,94.31
2026-01-04 21:00:00,Carapungo,46.24,39.5,48.76,28.28,4.92,0.98,17.13,54.47,115.73
2026-01-04 22:00:00,Centro,33.16,86.25,25.83,17.95,3.78,0.62,21.22,68.99,100.65
2026-01-04 23:00:00,Carapungo,27.59,56.15,48.44,18.79,6.19,0.39,22.29,49.0,91.57
2026-01-05 00:00:00,Los Chillos,17.64,12.41,29.0,29.97,5.82,0.77,22.3,62.03,50.76
2026-01-05 01:00:00,Cotocollao,27.71,63.48,15.19,13.07,5.71,0.68,18.85,69.0,76.21
2026-01-05 02:00:00,Cotocollao,23.87,40.67,30.74,35.09,5.16,0.68,12.11,80.59,89.16
2026-01-05 03:00:00,Centro,43.16,61.1,11.48,26.89,4.92,0.51,19.38,73.01,104.07
2026-01-05 04:00:00,Tumbaco,18.33,39.98,24.0,50.7,9.78,0.69,21.15,56.43,77.41
2026-01-05 05:00:00,Centro,32.48,67.0,44.91,44.16,7.37,0.55,17.76,79.14,112.47
2026-01-05 06:00:00,Tumbaco,15.27,44.51,16.21,26.73,6.45,0.71,23.23,61.41,63.25
2026-01-05 07:00:00,Cotocollao,35.55,63.47,42.88,27.26,5.22,0.33,20.58,50.17,100.75
2026-01-05 08:00:00,Centro,51.37,110.66,85.33,34.97,7.01,0.77,19.7,62.94,174.27
2026-01-05 09:00:00,Los Chillos,12.48,61.66,31.43,39.92,6.04,1.42,21.26,82.26,80.76
2026-01-05 10:00:00,Carapungo,14.58,72.91,21.49,16.53,5.05,0.45,19.0,66.98,68.75
2026-01-05 11:00:00,Tumbaco,22.36,43.38,29.48,15.5,4.39,0.48,10.52,65.15,74.44
2026-01-05 12:00:00,Carapungo,30.38,40.26,52.91,23.65,4.84,0.51,16.5,84.65,97.25
2026-01-05 13:00:00,Carapungo,26.69,79.68,32.54,32.08,0.1,0.36,21.59,47.82,92.63
2026-01-05 14:00:00,Centro,31.01,51.74,46.33,31.48,5.42,0.16,15.58,49.57,123.72
2026-01-05 15:00:00,Carapungo,32.21,74.26,46.45,35.49,4.02,0.55,17.33,45.61,119.52
2026-01-05 16:00:00,Los Chillos,17.68,50.51,19.06,19.6,8.19,0.63,14.87,69.47,67.09
2026-01-05 17:00:00,Carapungo,30.76,141.52,41.18,11.79,5.04,0.88,23.35,67.0,125.46
2026-01-05 18:00:00,Centro,49.49,87.46,73.18,34.01,2.62,0.86,23.04,83.51,155.55
2026-01-05 19:00:00,Los Chillos,21.26,59.64,57.72,22.2,4.9,0.91,15.35,67.92,97.08
2026-01-05 20:00:00,Cotocollao,41.69,73.77,48.68,13.87,2.91,1.21,18.44,60.15,128.86
2026-01-05 21:00:00,Carapungo,10.89,52.59,23.35,29.02,5.95,0.56,15.96,65.02,44.37
2026-01-05 22:00:00,Centro,42.33,79.8,57.26,33.55,5.58,0.49,19.84,66.41,121.25
2026-01-05 23:00:00,Cotocollao,28.36,22.83,22.83,27.15,6.92,0.54,19.53,44.94,67.43
2026-01-06 00:00:00,Cotocollao,26.45,32.11,24.55,24.8,3.42,0.72,20.44,97.52,76.59
2026-01-06 01:00:00,Tumbaco,23.89,23.19,22.19,26.88,5.07,0.88,19.0,71.24,66.74
2026-01-06 02:00:00,Los Chillos,35.32,59.25,37.43,25.41,2.27,0.47,26.81,67.52,114.62
2026-01-06 03:00:00,Carapungo,39.15,91.86,41.38,18.56,6.4,0.62,14.92,72.38,109.53
2026-01-06 04:00:00,Centro,10.18,60.81,39.65,23.0,6.04,0.67,12.87,73.51,64.41
2026-01-06 05:00:00,Tumbaco,9.41,33.97,22.97,31.65,5.99,0.4,16.82,63.31,62.13
2026-01-06 06:00:00,Los Chillos,17.0,46.05,25.35,30.25,5.0,0.6,13.3,57.43,68.57
2026-01-06 07:00:00,Tumbaco,26.65,74.91,35.36,29.18,5.83,0.46,13.52,72.19,102.8
2026-01-06 08:00:00,Los Chillos,39.21,46.63,7.15,21.03,8.21,0.37,15.0,69.63,100.13
2026-01-06 09:00:00,Los Chillos,24.29,72.86,33.94,26.73,4.43,1.01,15.23,55.28,89.09
2026-01-06 10:00:00,Carapungo,30.54,77.52,35.01,12.76,5.28,0.52,15.14,82.03,97.48
2026-01-06 11:00:00,Los Chillos,15.96,52.52,15.79,29.25,2.83,0.64,19.55,68.52,60.45
2026-01-06 12:00:00,Tumbaco,13.69,38.27,22.47,38.0,3.26,0.6,16.48,73.76,44.68
2026-01-06 13:00:00,Los Chillos,10.75,60.02,23.36,17.68,5.2,0.4,17.46,81.7,55.24
2026-01-06 14:00:00,Carapungo,19.0,5.79,50.76,23.9,7.21,0.59,20.68,65.26,76.83
2026-01-06 15:00:00,Carapungo,14.54,71.72,48.86,30.3,4.49,0.35,15.7,68.8,89.5
2026-01-06 16:00:00,Tumbaco,11.35,28.15,17.02,36.77,4.53,0.88,17.21,74.72,57.13
2026-01-06 17:00:00,Cotocollao,50.21,28.94,39.26,24.86,4.19,0.49,19.1,56.3,111.13
2026-01-06 18:00:00,Cotocollao,23.77,86.9,40.27,23.15,3.93,0.84,12.18,65.65,95.13
2026-01-06 19:00:00,Los Chillos,64.59,98.41,32.08,14.22,5.59,0.59,10.85,66.51,162.52
2026-01-06 20:00:00,Centro,54.49,90.17,55.78,28.72,2.01,1.07,19.04,53.53,153.08
2026-01-06 21:00:00,Los Chillos,23.48,59.29,18.93,42.29,7.56,0.53,19.48,92.81,82.18
2026-01-06 22:00:00,Tumbaco,12.11,55.35,12.76,29.94,3.67,0.5,24.19,48.11,56.74
2026-01-06 23:00:00,Tumbaco,22.08,51.78,23.99,27.84,6.44,0.77,18.47,49.42,88.25
2026-01-07 00:00:00,Tumbaco,13.92,55.68,24.03,30.25,2.46,0.61,20.46,80.77,73.57
2026-01-07 01:00:00,Tumbaco,18.38,44.91,14.85,27.92,6.34,0.7,17.41,73.56,52.61
2026-01-07 02:00:00,Tumbaco,33.98,36.91,25.73,22.31,6.34,0.4,18.89,52.69,75.24
2026-01-07 03:00:00,Carapungo,27.6,27.26,25.93,33.76,5.77,0.32,23.0,72.29,79.37
2026-01-07 04:00:00,Cotocollao,34.31,45.44,29.73,29.58,3.01,0.62,11.63,82.61,93.63
2026-01-07 05:00:00,Tumbaco,13.1,25.88,25.25,28.12,5.5,0.54,19.24,64.64,50.23
2026-01-07 06:00:00,Centro,30.41,108.59,34.62,21.17,2.63,0.73,24.41,96.19,120.57
2026-01-07 07:00:00,Centro,75.95,88.96,60.14,37.12,4.49,0.88,18.85,44.31,191.34
2026-01-07 08:00:00,Centro,35.67,98.38,43.82,32.65,7.06,0.96,22.95,73.33,126.94
2026-01-07 09:00:00,Centro,76.65,111.87,49.2,24.13,6.59,0.41,16.11,79.0,191.56
2026-01-07 10:00:00,Carapungo,35.96,59.35,30.36,35.01,5.03,0.98,17.9,75.7,102.91
2026-01-07 11:00:00,Centro,24.5,98.6,26.64,24.52,3.05,0.57,18.1,62.55,108.01
2026-01-07 12:00:00,Tumbaco,21.65,28.53,18.87,22.53,6.29,0.74,11.35,61.51,56.86
2026-01-07 13:00:00,Los Chillos,29.78,47.92,12.61,22.68,5.04,0.43,14.5,70.33,80.42
2026-01-07 14:00:00,Centro,37.76,47.41,29.5,15.6,0.36,0.66,14.71,74.79,107.83
2026-01-07 15:00:00,Carapungo,12.27,32.76,29.54,31.3,6.57,0.34,20.47,72.23,45.89
2026-01-07 16:00:00,Carapungo,21.04,46.57,29.84,15.18,4.95,0.69,20.62,77.48,70.23
2026-01-07 17:00:00,Centro,42.04,93.33,48.44,19.4,7.4,0.79,18.97,52.77,140.92
2026-01-07 18:00:00,Los Chillos,32.11,57.84,36.76,13.47,2.81,0.91,20.47,62.27,107.14
2026-01-07 19:00:00,Centro,56.63,72.69,60.55,27.4,0.1,1.11,17.51,53.72,155.4
2026-01-07 20:00:00,Carapungo,45.67,46.62,62.39,26.95,5.56,0.53,21.61,60.37,122.79
2026-01-07 21:00:00,Cotocollao,12.45,48.13,21.78,25.71,5.58,0.46,18.03,77.18,65.12
2026-01-07 22:00:00,Tumbaco,20.03,17.94,12.3,20.7,1.62,0.69,18.17,66.3,61.88
2026-01-07 23:00:00,Carapungo,34.95,73.32,21.66,19.79,3.04,1.02,17.2,96.28,91.38
2026-01-08 00:00:00,Centro,37.07,64.73,29.54,31.25,10.51,0.57,20.05,67.32,95.04
2026-01-08 01:00:00,Tumbaco,24.52,18.51,17.75,24.15,4.39,0.72,16.74,65.72,65.04
2026-01-08 02:00:00,Centro,40.14,56.51,26.38,30.21,6.46,0.58,20.93,66.27,109.02
2026-01-08 03:00:00,Centro,35.94,47.2,20.48,21.8,3.7,0.99,14.6,57.35,90.1
2026-01-08 04:00:00,Cotocollao,23.58,54.77,23.49,29.27,0.82,0.25,14.7,64.31,81.03
2026-01-08 05:00:00,Tumbaco,6.97,52.09,21.16,37.12,4.66,0.62,20.06,78.53,49.24
2026-01-08 06:00:00,Tumbaco,20.35,13.5,23.81,32.1,4.47,0.27,17.73,66.37,40.81
2026-01-08 07:00:00,Cotocollao,39.04,77.1,33.89,25.11,4.2,0.15,16.64,55.48,106.05
2026-01-08 08:00:00,Carapungo,47.14,83.07,42.31,29.8,4.77,0.99,20.67,53.9,136.32
2026-01-08 09:00:00,Centro,24.75,115.65,36.93,26.32,5.53,0.94,16.18,59.6,109.19
2026-01-08 10:00:00,Los Chillos,13.35,48.2,24.75,28.06,4.7,0.54,17.4,65.89,52.5
2026-01-08 11:00:00,Centro,42.6,47.21,25.5,25.72,2.47,0.58,22.2,79.32,87.99
2026-01-08 12:00:00,Centro,30.36,56.3,41.42,26.85,5.97,1.22,22.62,48.91,99.41
2026-01-08 13:00:00,Carapungo,35.69,42.98,13.93,29.48,1.1,0.55,22.72,61.16,92.3
2026-01-08 14:00:00,Centro,31.12,85.6,30.97,21.05,0.9,0.7,17.15,66.73,113.03
2026-01-08 15:00:00,Cotocollao,24.46,49.85,30.15,20.89,6.48,0.47,21.69,43.0,88.27
2026-01-08 16:00:00,Cotocollao,32.46,80.87,29.12,18.28,6.01,0.66,15.15,55.0,94.53
2026-01-08 17:00:00,Tumbaco,21.45,52.91,55.85,16.8,4.89,0.83,15.28,56.84,83.65
2026-01-08 18:00:00,Los Chillos,34.15,51.56,41.7,19.48,2.21,0.78,10.95,55.45,105.94
2026-01-08 19:00:00,Centro,38.43,46.82,35.63,29.12,3.58,1.45,23.02,67.3,115.5
2026-01-08 20:00:00,Centro,38.9,37.7,50.9,21.75,4.47,1.25,15.41,63.07,116.86
2026-01-08 21:00:00,Carapungo,25.38,27.61,14.03,31.6,1.81,0.63,17.62,58.34,50.42
2026-01-08 22:00:00,Cotocollao,26.15,53.91,26.79,28.24,3.52,0.14,15.27,70.14,72.8
2026-01-08 23:00:00,Los Chillos,18.17,52.63,18.34,14.22,6.3,0.53,20.09,85.68,62.4
2026-01-09 00:00:00,Tumbaco,25.64,17.03,25.86,32.58,7.85,1.14,16.87,84.67,78.53
2026-01-09 01:00:00,Cotocollao,16.33,64.27,22.66,33.68,4.16,0.55,14.09,41.93,77.94
2026-01-09 02:00:00,Tumbaco,16.4,30.2,19.25,21.04,6.51,0.82,19.32,71.92,58.07
2026-01-09 03:00:00,Carapungo,24.03,61.36,25.89,30.94,1.17,0.89,13.7,62.86,88.14
2026-01-09 04:00:00,Carapungo,43.65,89.94,50.58,22.0,6.32,0.64,15.49,66.86,134.27
2026-01-09 05:00:00,Centro,33.0,81.83,31.4,28.68,3.39,0.43,11.68,60.22,109.79
2026-01-09 06:00:00,Los Chillos,30.25,40.97,39.66,19.15,5.61,0.11,13.73,66.41,88.69
2026-01-09 07:00:00,Tumbaco,12.14,37.96,37.82,15.45,4.5,1.11,18.54,66.82,66.2
2026-01-09 08:00:00,Cotocollao,39.83,20.99,47.61,25.32,7.64,0.66,12.11,58.05,101.1
2026-01-09 09:00:00,Carapungo,56.78,66.71,54.5,27.13,3.25,0.95,13.56,54.24,150.6
2026-01-09 10:00:00,Centro,31.72,58.57,39.41,25.22,6.26,0.35,17.99,59.62,101.54
2026-01-09 11:00:00,Centro,42.73,42.27,13.41,19.71,4.44,0.55,16.37,67.81,94.11
2026-01-09 12:00:00,Tumbaco,14.29,34.42,18.22,25.2,4.68,0.61,23.98,72.19,57.18
2026-01-09 13:00:00,Carapungo,43.26,60.0,41.29,29.89,4.63,0.65,23.5,75.24,129.78
2026-01-09 14:00:00,Los Chillos,40.39,41.63,24.61,27.69,3.31,0.38,15.4,59.07,97.94
2026-01-09 15:00:00,Carapungo,24.83,45.82,17.89,29.28,4.97,0.84,19.67,68.41,70.37
2026-01-09 16:00:00,Tumbaco,14.75,38.02,19.66,23.31,4.87,0.48,20.25,76.55,62.5
2026-01-09 17:00:00,Tumbaco,40.35,61.95,46.36,36.2,5.48,0.4,16.21,78.99,107.3
2026-01-09 18:00:00,Carapungo,67.54,55.86,68.2,19.77,5.17,0.87,13.51,64.29,158.26
2026-01-09 19:00:00,Tumbaco,21.38,79.4,29.4,31.41,6.6,0.91,17.96,62.35,93.19
2026-01-09 20:00:00,Carapungo,36.35,84.87,63.59,36.27,6.85,0.95,17.48,67.29,139.53
2026-01-09 21:00:00,Cotocollao,21.72,49.81,24.27,31.37,2.9,0.87,16.69,51.2,67.27
2026-01-09 22:00:00,Carapungo,14.62,72.31,14.78,26.58,6.74,0.55,19.33,62.68,62.65
2026-01-09 23:00:00,Carapungo,19.05,63.05,22.89,24.3,2.63,0.58,15.75,73.94,68.3
2026-01-10 00:00:00,Tumbaco,11.17,47.44,30.0,35.25,6.18,0.38,14.54,72.7,58.2
2026-01-10 01:00:00,Tumbaco,12.69,39.45,18.25,18.04,6.24,0.76,18.33,61.76,60.69
2026-01-10 02:00:00,Centro,30.41,50.14,32.27,21.21,1.18,0.64,19.16,67.61,95.54
2026-01-10 03:00:00,Centro,33.42,70.59,31.64,25.22,5.19,0.52,14.47,55.1,100.76
2026-01-10 04:00:00,Cotocollao,37.84,30.63,44.26,36.66,4.06,0.22,20.78,73.44,96.81
2026-01-10 05:00:00,Centro,19.62,65.28,53.21,30.66,3.48,0.89,12.69,64.07,86.22
2026-01-10 06:00:00,Carapungo,38.84,57.85,55.58,21.22,7.7,0.35,16.27,61.69,127.47
2026-01-10 07:00:00,Tumbaco,24.35,50.25,28.47,25.83,3.69,0.72,17.23,60.66,85.73
2026-01-10 08:00:00,Centro,45.37,90.45,57.47,23.7,3.39,1.01,16.09,64.25,137.99
2026-01-10 09:00:00,Centro,57.54,35.22,27.02,23.03,5.15,0.54,16.3,59.63,124.93
2026-01-10 10:00:00,Cotocollao,14.32,40.45,40.5,34.85,6.37,0.3,23.61,72.9,69.06
2026-01-10 11:00:00,Cotocollao,27.57,51.03,17.22,18.4,4.72,0.18,15.45,60.26,70.49
2026-01-10 12:00:00,Carapungo,30.33,61.62,34.75,39.26,7.33,0.74,25.32,84.12,104.13
2026-01-10 13:00:00,Tumbaco,20.75,23.67,12.98,33.8,6.06,0.49,19.31,82.58,51.57
2026-01-10 14:00:00,Cotocollao,26.74,70.38,22.32,35.64,0.64,1.19,18.28,54.3,91.11
2026-01-10 15:00:00,Centro,58.3,44.81,25.62,24.76,3.94,0.4,19.43,65.84,123.05
2026-01-10 16:00:00,Tumbaco,13.52,47.63,16.11,26.95,3.88,0.42,25.59,57.19,51.33
2026-01-10 17:00:00,Tumbaco,21.3,61.69,24.82,17.97,5.96,0.73,15.02,61.08,82.0
2026-01-10 18:00:00,Centro,35.73,74.14,43.29,24.33,0.1,0.97,14.64,89.03,130.77
2026-01-10 19:00:00,Cotocollao,28.97,118.19,52.25,31.46,10.1,0.76,15.74,61.31,121.17
2026-01-10 20:00:00,Centro,35.49,56.9,33.94,37.07,6.06,1.08,18.1,69.32,94.58
2026-01-10 21:00:00,Tumbaco,25.21,47.03,21.41,20.25,5.3,0.4,12.82,71.5,56.88
2026-01-10 22:00:00,Los Chillos,33.36,60.01,34.74,25.44,7.36,0.32,18.07,52.99,96.3
2026-01-10 23:00:00,Los Chillos,17.43,34.94,20.89,26.94,9.69,0.24,23.08,54.74,52.53
2026-01-11 00:00:00,Carapungo,19.94,85.65,25.03,18.23,6.74,0.16,18.45,50.53,80.38
2026-01-11 01:00:00,Centro,36.08,57.75,32.42,32.14,6.9,0.5,17.12,54.37,103.24
2026-01-11 02:00:00,Centro,24.62,69.06,48.21,22.93,5.26,0.54,16.15,30.8,84.79
2026-01-11 03:00:00,Carapungo,35.18,63.58,34.52,26.63,4.72,0.47,20.7,71.53,88.15
2026-01-11 04:00:00,Carapungo,30.71,55.88,26.98,24.84,4.05,0.85,15.52,89.65,94.1
2026-01-11 05:00:00,Carapungo,12.84,74.31,37.53,22.47,3.35,0.85,23.54,66.77,79.97
2026-01-11 06:00:00,Tumbaco,27.5,45.52,12.95,27.95,3.63,0.53,23.8,48.0,70.05
2026-01-11 07:00:00,Centro,76.37,39.42,63.95,26.49,2.3,0.36,18.77,57.29,155.34
2026-01-11 08:00:00,Tumbaco,20.52,77.48,33.92,25.4,4.85,0.73,17.97,59.49,92.16
2026-01-11 09:00:00,Carapungo,36.85,39.12,43.95,22.9,1.63,0.72,21.09,52.79,113.32
2026-01-11 10:00:00,Centro,34.0,84.68,25.61,30.24,5.38,0.47,21.28,75.32,106.14
2026-01-11 11:00:00,Tumbaco,19.74,49.52,14.33,39.58,4.93,0.46,15.58,74.72,60.36
2026-01-11 12:00:00,Tumbaco,21.81,22.91,23.42,28.98,5.29,0.47,16.42,51.13,63.97
2026-01-11 13:00:00,Carapungo,49.51,50.49,45.28,34.97,3.96,0.52,14.03,73.7,116.14
2026-01-11 14:00:00,Centro,28.82,39.78,27.86,18.27,11.15,0.47,19.23,83.32,87.8
2026-01-11 15:00:00,Carapungo,20.3,54.31,37.27,29.1,7.72,0.64,20.0,87.83,82.85
2026-01-11 16:00:00,Centro,15.35,56.53,11.63,20.32,2.51,0.67,13.95,99.38,44.56
2026-01-11 17:00:00,Los Chillos,24.23,85.04,30.48,17.66,5.47,0.63,16.63,54.18,89.0
2026-01-11 18:00:00,Cotocollao,35.86,106.68,40.84,22.82,3.78,1.28,13.96,98.89,131.71
2026-01-11 19:00:00,Cotocollao,59.99,108.79,29.24,36.34,2.97,0.61,15.3,60.75,150.88
2026-01-11 20:00:00,Cotocollao,29.47,60.34,28.89,34.65,2.32,0.41,19.65,57.89,89.48
2026-01-11 21:00:00,Carapungo,30.93,54.42,25.56,29.7,5.86,0.68,15.8,68.92,80.72
2026-01-11 22:00:00,Los Chillos,21.87,19.75,27.34,17.27,3.64,0.44,17.1,58.02,66.27
2026-01-11 23:00:00,Centro,44.11,46.08,32.9,26.63,6.94,0.66,13.12,69.79,104.4
2026-01-12 00:00:00,Tumbaco,33.77,47.58,5.68,30.11,6.99,0.12,18.56,49.16,58.57
2026-01-12 01:00:00,Centro,24.85,96.93,11.25,29.23,7.75,0.88,17.87,62.13,86.83
2026-01-12 02:00:00,Tumbaco,14.47,21.19,16.12,15.09,3.3,0.73,15.81,80.43,54.84
2026-01-12 03:00:00,Centro,42.49,50.56,40.13,21.77,5.95,0.3,17.43,64.32,106.01
2026-01-12 04:00:00,Los Chillos,27.46,44.6,3.02,27.55,6.26,0.3,18.54,66.7,79.09
2026-01-12 05:00:00,Tumbaco,29.42,39.36,16.8,31.75,4.05,0.93,15.56,70.7,83.89
2026-01-12 06:00:00,Carapungo,34.67,42.71,27.03,12.63,3.46,0.45,13.57,79.05,89.19
2026-01-12 07:00:00,Centro,40.16,107.86,75.82,26.87,8.22,0.65,23.42,45.14,150.36
2026-01-12 08:00:00,Centro,56.12,79.57,46.03,29.0,5.45,0.22,16.1,72.01,142.51
2026-01-12 09:00:00,Tumbaco,37.04,53.74,33.68,33.95,6.27,0.79,17.71,61.78,103.61
2026-01-12 10:00:00,Carapungo,37.13,69.15,33.97,32.85,3.36,0.55,21.03,67.0,106.8
2026-01-12 11:00:00,Carapungo,33.88,58.63,10.34,32.08,2.56,0.74,28.59,77.72,92.36
2026-01-12 12:00:00,Los Chillos,30.53,38.45,31.15,22.4,3.86,0.32,14.27,50.67,75.57
2026-01-12 13:00:00,Carapungo,40.76,56.36,34.74,14.64,4.75,0.3,19.35,52.85,95.06
2026-01-12 14:00:00,Carapungo,42.97,56.78,37.79,25.25,2.87,0.69,15.88,41.77,105.56
2026-01-12 15:00:00,Carapungo,35.35,51.28,73.33,35.01,4.98,0.8,16.38,58.41,142.96
2026-01-12 16:00:00,Cotocollao,22.73,45.23,9.16,37.75,1.62,0.29,15.84,80.97,69.11
2026-01-12 17:00:00,Los Chillos,34.76,103.47,58.2,32.97,2.76,1.22,14.62,63.55,140.27
2026-01-12 18:00:00,Centro,66.47,112.17,47.67,31.01,6.34,0.91,17.88,48.92,167.5
2026-01-12 19:00:00,Tumbaco,18.56,48.68,32.76,30.66,6.21,1.23,13.58,59.17,85.15
2026-01-12 20:00:00,Centro,52.39,116.45,51.74,24.11,4.22,0.88,20.84,47.15,157.28
2026-01-12 21:00:00,Los Chillos,18.85,39.99,21.61,27.09,2.96,0.1,18.17,51.5,62.64
2026-01-12 22:00:00,Tumbaco,17.78,50.08,16.35,39.68,2.95,0.57,19.27,69.67,58.9
2026-01-12 23:00:00,Los Chillos,32.23,50.54,27.64,21.4,4.25,0.81,16.6,50.91,92.52
2026-01-13 00:00:00,Carapungo,30.59,56.41,16.72,39.3,6.29,0.42,16.9,78.35,82.4
2026-01-13 01:00:00,Tumbaco,17.9,41.37,24.8,25.75,6.86,0.52,18.86,64.15,58.91
2026-01-13 02:00:00,Carapungo,14.46,27.87,28.17,37.28,4.01,0.56,14.51,66.03,66.61
2026-01-13 03:00:00,Centro,39.16,39.34,22.34,18.15,2.69,0.1,16.93,61.66,75.03
2026-01-13 04:00:00,Centro,38.03,37.93,29.96,32.1,5.54,0.93,15.42,74.27,104.51
2026-01-13 05:00:00,Tumbaco,31.44,37.72,28.05,22.84,3.35,0.42,15.33,74.4,88.59
2026-01-13 06:00:00,Tumbaco,15.63,56.79,16.57,18.09,3.96,0.7,11.67,69.02,54.8
2026-01-13 07:00:00,Los Chillos,35.63,117.7,41.8,29.53,7.65,0.87,22.02,71.78,123.97
2026-01-13 08:00:00,Los Chillos,35.99,81.86,28.73,35.07,6.65,1.28,15.94,62.45,113.48
2026-01-13 09:00:00,Carapungo,67.51,102.4,60.57,22.09,5.32,1.02,21.49,71.51,182.65
2026-01-13 10:00:00,Tumbaco,16.99,14.39,24.39,17.51,2.46,0.55,21.21,60.95,51.03
2026-01-13 11:00:00,Centro,33.93,51.6,55.7,27.36,5.42,0.42,14.14,65.03,112.66
2026-01-13 12:00:00,Los Chillos,26.86,33.18,23.6,27.39,7.13,0.76,14.73,61.7,90.41
2026-01-13 13:00:00,Los Chillos,23.49,35.69,30.35,31.84,4.25,0.23,25.68,59.51,69.29
2026-01-13 14:00:00,Centro,25.8,59.47,36.1,34.65,7.7,0.73,23.25,56.73,79.37
2026-01-13 15:00:00,Los Chillos,23.55,37.92,35.37,27.58,7.59,0.38,17.91,70.61,84.01
2026-01-13 16:00:00,Carapungo,39.77,19.9,25.02,40.99,8.33,0.85,18.77,80.73,108.17
2026-01-13 17:00:00,Tumbaco,16.55,67.46,37.15,29.57,5.61,0.95,16.11,79.05,87.19
2026-01-13 18:00:00,Centro,48.43,60.71,49.23,25.58,6.17,1.09,19.3,49.92,125.03
2026-01-13 19:00:00,Tumbaco,19.68,58.31,29.38,16.72,7.83,0.92,15.85,80.47,76.17
2026-01-13 20:00:00,Los Chillos,47.34,114.17,38.6,26.16,5.89,0.37,11.9,61.18,129.98
2026-01-13 21:00:00,Los Chillos,9.81,31.21,27.02,25.65,4.0,0.43,14.04,72.21,55.85
2026-01-13 22:00:00,Centro,24.54,9.86,33.7,34.72,4.1,0.73,18.06,54.13,61.77
2026-01-13 23:00:00,Carapungo,32.52,52.92,34.73,31.24,5.48,0.63,14.61,66.7,95.37
2026-01-14 00:00:00,Cotocollao,37.98,67.67,41.39,19.74,2.42,0.84,17.8,68.76,105.27
2026-01-14 01:00:00,Centro,30.06,104.13,46.04,29.21,4.71,0.68,14.78,47.18,119.92
2026-01-14 02:00:00,Cotocollao,19.31,29.21,35.15,32.7,7.19,0.41,15.65,72.3,66.85
2026-01-14 03:00:00,Cotocollao,40.75,57.7,23.49,38.7,0.62,0.44,20.56,81.15,105.96
2026-01-14 04:00:00,Carapungo,13.54,49.43,23.25,34.21,8.07,0.62,18.74,62.9,63.9
2026-01-14 05:00:00,Cotocollao,4.85,47.75,35.91,33.33,7.24,0.14,17.97,81.32,46.58
2026-01-14 06:00:00,Cotocollao,28.07,93.13,35.21,28.42,4.08,0.93,20.64,62.72,112.62
2026-01-14 07:00:00,Carapungo,35.07,43.79,71.72,30.72,6.09,1.03,19.44,75.2,123.0
2026-01-14 08:00:00,Cotocollao,22.82,80.53,33.28,36.75,5.01,1.27,22.34,38.38,91.52
2026-01-14 09:00:00,Cotocollao,45.65,85.83,38.22,18.67,7.46,0.43,16.62,94.03,142.88
2026-01-14 10:00:00,Cotocollao,26.35,67.42,13.07,25.55,6.97,0.85,16.71,82.95,85.31
2026-01-14 11:00:00,Centro,24.48,65.06,30.6,22.59,2.2,1.05,14.1,61.58,88.2
2026-01-14 12:00:00,Centro,16.46,69.47,46.16,30.65,6.17,0.34,16.71,41.33,96.73
2026-01-14 13:00:00,Centro,40.57,54.78,29.78,36.61,4.59,0.75,20.89,68.46,123.76
2026-01-14 14:00:00,Carapungo,35.36,63.75,39.16,23.82,5.17,0.6,21.9,47.67,104.91
2026-01-14 15:00:00,Los Chillos,21.21,39.85,23.48,11.27,3.54,0.29,20.88,70.34,65.65
2026-01-14 16:00:00,Cotocollao,40.45,59.76,30.35,25.11,8.5,0.7,12.62,69.94,99.72
2026-01-14 17:00:00,Cotocollao,22.17,65.1,26.1,34.39,7.08,1.15,21.25,53.7,86.11
2026-01-14 18:00:00,Carapungo,19.1,98.78,50.08,31.76,3.52,0.72,12.48,78.45,103.47
2026-01-14 19:00:00,Cotocollao,27.17,73.53,1.77,31.0,2.33,1.25,20.69,74.67,84.05
2026-01-14 20:00:00,Centro,45.43,129.97,49.36,26.04,4.23,0.4,16.9,76.71,151.09
2026-01-14 21:00:00,Los Chillos,23.95,44.23,11.96,19.05,5.87,0.3,20.11,65.11,67.83
2026-01-14 22:00:00,Tumbaco,16.06,14.72,27.72,31.61,5.48,0.63,14.0,48.01,59.08
2026-01-14 23:00:00,Cotocollao,27.3,70.32,34.34,22.16,7.51,0.61,21.51,76.73,84.13
2026-01-15 00:00:00,Centro,16.78,43.98,40.23,43.29,6.58,0.46,13.61,61.76,69.99
2026-01-15 01:00:00,Tumbaco,26.84,28.15,29.73,31.99,6.94,0.76,15.99,48.32,74.99
2026-01-15 02:00:00,Los Chillos,21.34,36.07,17.41,23.94,5.65,0.71,15.01,81.22,62.32
2026-01-15 03:00:00,Tumbaco,24.75,52.49,31.18,23.72,2.22,0.77,12.74,90.19,92.24
2026-01-15 04:00:00,Centro,34.64,18.15,45.44,27.35,4.61,0.58,18.28,64.51,84.25
2026-01-15 05:00:00,Tumbaco,20.52,73.65,18.49,26.32,7.12,0.72,23.42,90.91,75.09
2026-01-15 06:00:00,Carapungo,34.53,79.09,44.31,35.82,4.9,0.51,26.0,66.1,123.27
2026-01-15 07:00:00,Tumbaco,30.7,58.02,19.38,29.3,6.01,1.52,18.29,60.43,91.97
2026-01-15 08:00:00,Cotocollao,44.78,72.89,30.37,22.88,4.36,0.66,21.35,57.43,121.08
2026-01-15 09:00:00,Cotocollao,53.84,81.32,33.22,41.23,2.94,1.53,18.7,84.64,145.22
2026-01-15 10:00:00,Carapungo,30.64,68.66,27.0,28.35,4.75,0.61,19.5,55.64,97.13
2026-01-15 11:00:00,Centro,38.74,76.55,23.17,33.38,5.62,0.32,16.97,73.82,104.05
2026-01-15 12:00:00,Cotocollao,23.41,58.67,38.26,23.74,3.69,0.87,18.59,58.29,94.53
2026-01-15 13:00:00,Los Chillos,33.52,46.34,22.93,30.54,4.53,0.63,19.61,59.48,77.18
2026-01-15 14:00:00,Cotocollao,18.25,46.24,30.6,30.18,3.12,0.77,16.26,77.36,70.89
2026-01-15 15:00:00,Cotocollao,40.05,47.0,22.48,14.77,7.24,0.84,17.77,60.44,98.83
2026-01-15 16:00:00,Centro,30.35,58.91,14.61,42.11,4.41,0.67,17.82,60.14,92.01
2026-01-15 17:00:00,Tumbaco,12.66,74.41,32.59,37.03,7.91,0.72,20.48,78.59,90.31
2026-01-15 18:00:00,Cotocollao,37.99,88.94,16.01,25.22,8.06,1.19,14.8,84.17,106.64
2026-01-15 19:00:00,Carapungo,32.28,1.74,47.68,20.28,4.84,0.9,17.85,72.74,98.51
2026-01-15 20:00:00,Tumbaco,34.47,65.81,16.86,30.43,2.98,1.11,23.74,57.14,92.59
2026-01-15 21:00:00,Los Chillos,16.78,47.92,40.9,28.61,0.83,0.17,21.49,58.87,83.94
2026-01-15 22:00:00,Centro,25.8,62.61,45.21,30.49,2.06,0.69,22.05,65.96,104.84
2026-01-15 23:00:00,Los Chillos,6.88,39.17,25.85,29.34,2.25,0.47,18.07,68.85,42.66
2026-01-16 00:00:00,Tumbaco,14.71,49.49,28.09,31.54,7.76,0.93,18.96,53.15,72.55
2026-01-16 01:00:00,Tumbaco,2.09,47.37,14.58,38.13,5.23,0.72,21.01,73.68,43.17
2026-01-16 02:00:00,Tumbaco,7.46,26.73,23.48,31.98,5.78,0.65,22.68,66.03,52.07
2026-01-16 03:00:00,Los Chillos,28.08,51.11,26.6,20.65,0.56,0.7,12.15,44.41,82.12
2026-01-16 04:00:00,Tumbaco,22.63,24.34,21.69,37.54,2.6,0.4,14.05,53.85,63.34
2026-01-16 05:00:00,Los Chillos,25.4,24.31,35.18,39.48,6.77,0.92,21.93,58.95,93.4
2026-01-16 06:00:00,Tumbaco,11.41,28.48,24.69,50.06,5.57,1.0,17.17,64.13,60.47
2026-01-16 07:00:00,Carapungo,42.16,112.98,53.25,20.14,4.71,1.02,15.98,87.67,150.3
2026-01-16 08:00:00,Tumbaco,26.37,71.16,14.11,29.7,6.13,1.38,14.24,67.86,86.92
2026-01-16 09:00:00,Los Chillos,19.1,79.04,25.98,13.43,8.27,0.73,16.33,54.91,92.52
2026-01-16 10:00:00,Cotocollao,37.43,61.46,26.42,31.87,4.56,0.44,13.79,67.65,95.83
2026-01-16 11:00:00,Tumbaco,23.22,42.19,20.6,24.16,5.14,0.61,24.27,60.77,65.62
2026-01-16 12:00:00,Cotocollao,22.26,38.92,17.55,41.46,5.39,0.69,17.93,68.9,83.37
2026-01-16 13:00:00,Carapungo,28.88,66.92,57.58,22.58,9.78,0.52,17.83,71.97,104.66
2026-01-16 14:00:00,Centro,33.13,79.81,51.98,16.18,0.8,0.71,19.76,79.51,128.02
2026-01-16 15:00:00,Carapungo,7.37,73.21,38.76,24.7,6.37,0.66,20.89,64.71,77.79
2026-01-16 16:00:00,Tumbaco,16.02,50.27,20.46,14.17,4.77,0.4,20.84,84.67,57.8
2026-01-16 17:00:00,Cotocollao,27.3,91.78,38.45,33.26,6.13,1.06,21.22,75.9,95.66
2026-01-16 18:00:00,Cotocollao,23.08,82.95,28.68,13.54,3.69,1.16,16.11,56.51,91.06
2026-01-16 19:00:00,Los Chillos,29.63,91.58,38.43,28.2,4.9,0.95,17.11,91.52,112.06
2026-01-16 20:00:00,Cotocollao,60.03,73.59,44.65,13.46,6.42,1.25,20.31,68.92,159.26
2026-01-16 21:00:00,Los Chillos,27.13,31.77,15.07,25.76,11.23,0.36,16.42,54.98,80.14
2026-01-16 22:00:00,Centro,24.4,59.58,38.74,39.5,6.62,0.69,17.98,84.83,88.21
2026-01-16 23:00:00,Tumbaco,21.26,27.06,19.01,30.52,3.3,0.37,19.2,89.93,67.61
2026-01-17 00:00:00,Los Chillos,33.19,34.87,9.74,21.96,4.15,0.38,20.36,64.6,79.15
2026-01-17 01:00:00,Centro,41.16,59.97,25.36,27.78,4.09,0.47,12.67,58.96,113.15
2026-01-17 02:00:00,Cotocollao,24.72,36.43,23.86,28.13,1.41,0.41,20.14,62.93,75.99
2026-01-17 03:00:00,Cotocollao,18.51,44.42,44.11,31.31,4.34,0.49,17.3,73.58,64.13
2026-01-17 04:00:00,Centro,38.62,23.23,41.23,18.43,6.47,0.56,20.12,80.33,94.76
2026-01-17 05:00:00,Cotocollao,27.66,53.02,15.75,32.15,2.45,0.77,20.33,71.85,71.66
2026-01-17 06:00:00,Centro,40.83,63.03,40.44,9.07,7.1,0.54,22.82,66.22,108.41
2026-01-17 07:00:00,Los Chillos,40.62,49.12,18.93,23.59,5.98,0.42,22.06,82.98,102.55
2026-01-17 08:00:00,Los Chillos,45.59,82.33,50.49,24.58,3.53,1.24,22.04,61.25,141.47
2026-01-17 09:00:00,Centro,37.21,124.03,44.59,32.43,4.72,0.65,22.33,77.37,144.74
2026-01-17 10:00:00,Los Chillos,32.54,20.89,24.25,28.16,8.2,0.59,18.87,61.54,81.9
2026-01-17 11:00:00,Los Chillos,23.58,33.56,35.61,18.16,6.47,0.69,18.1,70.17,65.79
2026-01-17 12:00:00,Los Chillos,38.6,33.46,14.7,21.11,5.02,0.64,20.62,63.64,64.81
2026-01-17 13:00:00,Carapungo,21.43,40.17,17.97,29.39,4.52,0.82,20.2,64.33,69.94
2026-01-17 14:00:00,Tumbaco,28.71,45.95,16.26,27.45,5.15,0.7,17.07,60.47,76.75
2026-01-17 15:00:00,Cotocollao,25.94,46.3,36.64,23.95,3.98,0.43,19.21,81.14,76.1
2026-01-17 16:00:00,Carapungo,21.83,53.34,16.7,24.63,0.79,1.04,17.89,56.2,60.08
2026-01-17 17:00:00,Los Chillos,27.19,22.41,3.51,32.87,9.08,0.96,15.44,56.12,58.03
2026-01-17 18:00:00,Centro,40.82,114.52,44.92,24.38,5.31,0.86,21.87,90.45,135.56
2026-01-17 19:00:00,Los Chillos,38.09,39.62,44.12,27.38,5.8,1.19,18.17,76.73,115.35
2026-01-17 20:00:00,Tumbaco,31.42,55.08,41.52,43.19,4.88,0.97,24.15,36.38,108.28
2026-01-17 21:00:00,Los Chillos,17.41,49.16,21.29,18.03,3.53,0.68,13.12,58.22,77.17
2026-01-17 22:00:00,Centro,30.53,91.57,30.39,15.04,4.63,1.1,16.33,43.26,97.29
2026-01-17 23:00:00,Tumbaco,31.31,20.29,27.38,33.49,1.8,0.54,18.1,53.59,87.15
2026-01-18 00:00:00,Los Chillos,35.82,1.0,10.04,23.25,9.55,0.54,21.41,27.34,67.01
2026-01-18 01:00:00,Tumbaco,20.39,38.21,17.51,25.77,2.53,0.62,19.2,63.36,69.42
2026-01-18 02:00:00,Cotocollao,24.53,79.21,29.18,22.53,2.94,0.81,18.93,51.3,88.23
2026-01-18 03:00:00,Cotocollao,25.26,69.94,31.45,26.18,4.12,0.3,14.62,65.72,96.22
2026-01-18 04:00:00,Los Chillos,26.91,48.14,20.92,39.19,7.58,0.21,14.53,45.5,80.89
2026-01-18 05:00:00,Tumbaco,11.05,30.1,20.22,33.61,5.03,0.48,18.97,65.99,44.97
2026-01-18 06:00:00,Centro,27.92,79.95,7.13,34.04,2.53,0.27,13.91,60.02,81.94
2026-01-18 07:00:00,Los Chillos,12.98,45.6,29.6,18.09,7.51,0.77,16.4,83.02,60.67
2026-01-18 08:00:00,Cotocollao,41.57,86.04,47.24,19.94,6.46,1.05,19.5,81.94,133.96
2026-01-18 09:00:00,Cotocollao,44.84,86.76,28.28,8.13,6.08,0.63,15.05,74.42,107.77
2026-01-18 10:00:00,Los Chillos,18.13,60.9,25.47,22.33,6.43,0.31,22.82,61.08,69.85
2026-01-18 11:00:00,Tumbaco,27.67,69.12,22.86,34.7,9.79,0.61,21.67,88.82,93.4
2026-01-18 12:00:00,Cotocollao,13.41,55.97,24.49,31.62,9.37,0.77,13.29,46.36,67.41
2026-01-18 13:00:00,Tumbaco,8.23,29.89,21.09,26.45,3.63,0.26,15.2,48.16,54.11
2026-01-18 14:00:00,Cotocollao,26.18,49.08,19.03,27.84,8.25,0.76,11.14,63.99,84.5
2026-01-18 15:00:00,Cotocollao,33.41,20.31,25.68,23.18,5.77,0.76,15.65,92.05,81.14
2026-01-18 16:00:00,Carapungo,46.11,44.95,38.85,29.43,6.0,0.79,20.3,62.57,119.02
2026-01-18 17:00:00,Cotocollao,30.24,64.12,43.32,33.36,1.62,1.27,16.76,62.8,111.61
2026-01-18 18:00:00,Centro,64.32,77.99,42.65,16.69,4.66,1.56,19.38,47.7,162.82
2026-01-18 19:00:00,Los Chillos,32.54,70.93,40.19,30.1,3.37,0.79,13.43,76.35,93.76
2026-01-18 20:00:00,Los Chillos,30.93,49.0,46.08,34.53,6.66,0.93,20.39,76.44,101.78
2026-01-18 21:00:00,Tumbaco,23.26,49.45,6.88,25.09,7.14,0.52,16.33,74.47,52.53
2026-01-18 22:00:00,Cotocollao,29.94,49.5,37.7,32.9,0.85,0.6,18.04,57.45,105.12
2026-01-18 23:00:00,Centro,13.14,62.8,31.23,47.7,4.96,0.91,17.72,56.52,77.82
2026-01-19 00:00:00,Tumbaco,27.05,32.07,22.72,27.27,7.24,0.33,14.19,49.48,70.65
2026-01-19 01:00:00,Carapungo,42.95,61.53,44.95,30.75,4.63,0.43,14.54,66.01,126.92
2026-01-19 02:00:00,Tumbaco,13.6,45.9,11.22,22.83,6.46,0.88,20.9,52.04,57.92
2026-01-19 03:00:00,Tumbaco,20.13,25.59,15.46,29.27,5.7,0.8,19.2,50.87,51.14
2026-01-19 04:00:00,Cotocollao,28.55,38.64,24.96,31.22,5.68,0.53,21.15,59.92,79.92
2026-01-19 05:00:00,Carapungo,31.31,52.58,24.35,29.36,4.46,0.77,18.97,59.13,87.67
2026-01-19 06:00:00,Tumbaco,14.08,19.85,31.1,20.86,2.57,0.67,18.43,58.54,41.92
2026-01-19 07:00:00,Centro,34.92,68.69,38.11,29.44,2.76,1.35,12.82,70.6,108.43
2026-01-19 08:00:00,Centro,45.77,79.5,43.17,38.24,6.42,0.92,17.19,65.95,133.27
2026-01-19 09:00:00,Los Chillos,47.07,87.17,39.95,31.14,5.04,1.21,17.92,61.54,136.91
2026-01-19 10:00:00,Carapungo,34.25,63.62,20.0,34.73,4.72,1.13,23.86,67.2,88.07
2026-01-19 11:00:00,Carapungo,24.75,62.28,28.38,26.34,4.15,0.72,20.06,53.1,95.03
2026-01-19 12:00:00,Los Chillos,28.17,57.76,27.54,33.25,4.39,0.61,22.61,66.26,88.56
2026-01-19 13:00:00,Tumbaco,1.0,34.35,17.87,29.95,7.09,0.74,19.79,66.81,37.89
2026-01-19 14:00:00,Carapungo,40.55,66.11,31.53,21.34,4.33,0.53,15.87,46.96,111.58
2026-01-19 15:00:00,Centro,11.32,60.83,29.07,30.23,2.32,1.08,18.35,76.95,64.45
2026-01-19 16:00:00,Centro,26.74,68.57,18.04,21.06,6.49,0.64,18.71,54.42,86.26
2026-01-19 17:00:00,Cotocollao,21.52,59.83,45.5,23.57,4.59,0.82,15.18,66.08,87.87
2026-01-19 18:00:00,Carapungo,22.7,16.41,76.13,29.33,5.06,0.65,16.85,78.97,88.56
2026-01-19 19:00:00,Tumbaco,37.54,51.58,30.18,30.08,8.22,1.23,17.38,76.11,110.66
2026-01-19 20:00:00,Los Chillos,27.39,99.51,40.2,19.68,4.96,1.16,22.82,65.41,123.43
2026-01-19 21:00:00,Los Chillos,24.77,58.89,30.54,35.38,5.58,0.5,11.76,60.65,92.27
2026-01-19 22:00:00,Tumbaco,17.3,47.58,11.88,32.0,2.64,0.72,21.62,76.37,69.11
2026-01-19 23:00:00,Cotocollao,28.4,69.9,42.48,23.07,4.56,0.3,15.19,73.1,93.7
2026-01-20 00:00:00,Los Chillos,22.61,46.33,26.62,17.24,6.22,0.64,13.88,57.58,60.47
2026-01-20 01:00:00,Carapungo,15.26,62.35,49.47,26.99,1.89,0.69,21.54,55.46,97.06
2026-01-20 02:00:00,Cotocollao,32.97,39.31,21.05,24.88,5.4,0.94,20.2,40.13,102.73
2026-01-20 03:00:00,Carapungo,23.46,52.34,51.41,28.79,5.2,0.45,21.76,66.85,105.12
2026-01-20 04:00:00,Centro,13.37,75.93,43.68,25.46,5.08,0.34,20.4,64.01,77.93
2026-01-20 05:00:00,Cotocollao,20.43,69.36,32.37,13.95,7.07,0.42,24.18,78.63,69.92
2026-01-20 06:00:00,Los Chillos,34.01,42.91,26.87,25.28,5.67,0.33,19.68,69.31,79.21
2026-01-20 07:00:00,Cotocollao,47.52,63.11,37.97,25.86,7.96,1.3,17.53,81.01,114.8
2026-01-20 08:00:00,Cotocollao,31.7,74.26,57.1,32.44,3.01,1.36,19.03,56.63,122.79
2026-01-20 09:00:00,Cotocollao,31.69,89.13,43.1,23.11,5.27,1.0,21.73,78.66,128.01
2026-01-20 10:00:00,Cotocollao,21.37,25.68,10.19,39.75,5.17,0.84,15.66,58.65,60.58
2026-01-20 11:00:00,Carapungo,50.2,13.72,20.88,14.62,2.86,0.63,16.04,74.33,98.7
2026-01-20 12:00:00,Centro,35.08,51.44,32.92,37.18,6.91,0.58,17.07,47.49,111.81
2026-01-20 13:00:00,Tumbaco,20.35,21.35,21.98,26.43,9.65,0.53,11.69,67.82,56.8
2026-01-20 14:00:00,Cotocollao,33.27,41.12,27.0,34.02,4.97,0.54,18.41,41.18,106.26
2026-01-20 15:00:00,Los Chillos,23.91,42.78,34.75,28.56,6.01,0.29,12.34,61.79,94.7
2026-01-20 16:00:00,Cotocollao,21.92,42.02,10.33,35.98,5.17,0.65,18.16,70.28,64.76
2026-01-20 17:00:00,Los Chillos,30.64,100.18,39.22,25.29,3.57,0.89,20.6,58.75,110.3
2026-01-20 18:00:00,Carapungo,41.78,97.31,20.39,20.31,1.36,1.12,16.57,52.39,124.43
2026-01-20 19:00:00,Los Chillos,32.55,74.26,46.62,37.94,3.59,0.93,23.03,75.15,113.67
2026-01-20 20:00:00,Tumbaco,33.39,65.2,29.09,27.21,2.22,0.85,13.62,63.76,91.37
2026-01-20 21:00:00,Centro,31.38,39.08,39.7,29.55,8.41,0.43,21.57,59.13,102.48
2026-01-20 22:00:00,Los Chillos,27.86,60.59,18.09,36.64,4.77,0.61,20.03,65.5,94.87
2026-01-20 23:00:00,Los Chillos,21.35,43.86,35.24,20.78,4.31,0.75,12.85,96.64,78.81
2026-01-21 00:00:00,Centro,31.68,77.08,46.67,32.17,6.78,0.37,26.13,78.84,100.24
2026-01-21 01:00:00,Tumbaco,4.81,23.14,23.73,23.87,2.76,0.62,17.81,78.95,30.15
2026-01-21 02:00:00,Cotocollao,32.26,23.86,26.36,27.07,3.47,0.65,15.37,70.23,82.14
2026-01-21 03:00:00,Los Chillos,24.77,57.27,29.64,28.51,5.14,0.46,13.78,67.0,79.29
2026-01-21 04:00:00,Centro,41.98,70.9,27.08,17.5,7.06,0.48,17.34,36.25,105.34
2026-01-21 05:00:00,Carapungo,1.0,40.91,41.4,22.55,6.0,0.65,17.62,56.85,59.54
2026-01-21 06:00:00,Centro,54.19,44.74,53.47,37.46,5.5,0.37,18.31,59.23,141.82
2026-01-21 07:00:00,Carapungo,40.72,120.67,65.45,34.2,5.16,1.0,17.11,42.5,166.13
2026-01-21 08:00:00,Tumbaco,37.04,32.59,23.0,27.56,5.8,0.63,19.9,51.11,81.07
2026-01-21 09:00:00,Cotocollao,22.57,114.91,46.02,29.7,5.4,1.22,16.84,41.23,113.86
2026-01-21 10:00:00,Centro,37.66,44.09,20.52,25.94,2.94,1.07,12.2,64.54,101.57
2026-01-21 11:00:00,Los Chillos,13.57,54.58,29.58,37.5,5.09,0.43,17.55,74.83,72.23
2026-01-21 12:00:00,Tumbaco,13.61,32.06,22.88,26.6,2.85,0.71,10.9,78.28,68.56
2026-01-21 13:00:00,Centro,52.24,75.67,14.06,29.62,5.16,0.45,19.06,69.98,122.46
2026-01-21 14:00:00,Los Chillos,20.47,36.84,15.71,36.02,4.04,0.81,15.06,53.44,81.24
2026-01-21 15:00:00,Centro,33.24,59.58,31.83,22.56,10.08,0.35,18.49,41.82,99.22
2026-01-21 16:00:00,Carapungo,37.65,59.3,29.37,38.91,4.92,0.7,21.94,43.92,114.88
2026-01-21 17:00:00,Centro,54.53,62.93,32.18,17.29,2.19,0.64,15.15,49.77,124.51
2026-01-21 18:00:00,Centro,48.73,117.84,59.03,39.41,4.73,0.84,21.18,54.33,161.55
2026-01-21 19:00:00,Centro,52.33,78.33,56.72,25.39,6.04,0.59,16.7,63.08,153.08
2026-01-21 20:00:00,Tumbaco,49.47,49.89,28.14,26.3,8.35,1.15,23.26,52.83,132.26
2026-01-21 21:00:00,Centro,30.15,42.12,26.54,14.77,3.82,0.43,16.9,69.07,85.87
2026-01-21 22:00:00,Los Chillos,23.61,6.56,33.39,24.82,1.84,0.71,15.48,62.21,66.61
2026-01-21 23:00:00,Carapungo,39.53,54.77,49.72,20.72,6.63,0.53,20.06,65.13,124.79
2026-01-22 00:00:00,Carapungo,40.1,105.55,27.47,23.75,2.24,0.58,16.69,78.68,102.58
2026-01-22 01:00:00,Centro,44.09,79.48,28.14,27.04,4.13,0.63,15.48,50.84,106.85
2026-01-22 02:00:00,Tumbaco,21.69,35.77,23.14,34.7,4.48,0.45,16.57,70.02,74.48
2026-01-22 03:00:00,Tumbaco,10.28,32.85,17.71,29.45,4.86,0.64,17.87,64.83,49.13
2026-01-22 04:00:00,Los Chillos,35.07,45.34,23.88,30.15,6.38,0.91,22.03,61.0,98.92
2026-01-22 05:00:00,Centro,17.96,74.49,43.28,20.33,3.63,0.44,12.2,75.62,86.34
2026-01-22 06:00:00,Carapungo,31.75,35.47,12.64,21.83,4.45,0.83,18.07,75.55,81.15
2026-01-22 07:00:00,Tumbaco,19.16,74.06,42.66,40.59,4.97,1.35,19.87,53.64,92.76
2026-01-22 08:00:00,Centro,45.12,117.03,53.72,22.85,5.3,0.66,18.58,62.81,151.88
2026-01-22 09:00:00,Tumbaco,29.56,66.93,26.05,39.59,5.2,0.46,21.93,68.37,101.99
2026-01-22 10:00:00,Tumbaco,19.66,41.26,19.43,26.3,5.87,0.66,17.78,61.72,75.24
2026-01-22 11:00:00,Carapungo,32.99,58.88,32.11,28.02,6.69,0.49,17.45,72.02,113.09
2026-01-22 12:00:00,Cotocollao,38.4,60.6,12.27,35.49,5.79,0.97,19.78,68.37,100.95
2026-01-22 13:00:00,Los Chillos,25.63,53.88,36.96,36.9,5.91,0.61,18.3,86.99,93.19
2026-01-22 14:00:00,Los Chillos,20.05,39.69,25.33,27.22,1.84,0.44,16.83,46.64,55.29
2026-01-22 15:00:00,Carapungo,38.63,47.31,37.11,25.28,5.1,0.37,19.55,63.53,97.94
2026-01-22 16:00:00,Tumbaco,25.21,37.22,26.09,27.61,5.96,0.82,16.04,54.1,75.88
2026-01-22 17:00:00,Centro,25.58,143.29,35.34,30.37,6.46,0.73,16.17,72.25,128.99
2026-01-22 18:00:00,Tumbaco,32.14,31.7,34.55,34.24,3.62,0.91,16.42,45.59,87.79
2026-01-22 19:00:00,Carapungo,53.84,44.82,44.57,28.03,3.68,1.19,22.06,69.16,140.68
2026-01-22 20:00:00,Los Chillos,29.43,71.21,47.66,32.33,3.85,0.75,8.34,57.44,108.83
2026-01-22 21:00:00,Tumbaco,26.4,36.61,6.39,39.47,6.07,0.59,19.19,56.19,66.79
2026-01-22 22:00:00,Los Chillos,20.8,47.6,24.21,30.67,7.07,0.6,18.1,47.64,74.74
2026-01-22 23:00:00,Centro,32.21,68.12,28.25,30.18,4.19,0.74,12.96,59.42,96.19
2026-01-23 00:00:00,Los Chillos,20.62,41.65,28.46,17.37,6.82,0.72,18.93,78.01,67.17
2026-01-23 01:00:00,Los Chillos,22.12,67.35,28.76,9.58,5.25,0.56,19.43,64.7,65.01
2026-01-23 02:00:00,Cotocollao,14.55,23.09,21.27,30.72,4.75,0.61,19.77,72.53,51.82
2026-01-23 03:00:00,Cotocollao,11.53,35.83,21.23,27.34,4.58,0.53,10.04,84.98,48.62
2026-01-23 04:00:00,Cotocollao,38.23,47.8,26.53,24.4,6.49,0.3,22.1,68.17,90.58
2026-01-23 05:00:00,Los Chillos,15.22,20.35,17.83,29.7,5.65,0.65,15.79,58.29,55.11
2026-01-23 06:00:00,Carapungo,18.29,55.07,41.26,27.58,9.55,0.98,20.06,70.61,89.62
2026-01-23 07:00:00,Los Chillos,7.16,104.88,33.07,35.89,3.3,0.63,20.22,58.47,82.48
2026-01-23 08:00:00,Carapungo,32.93,88.36,3.4,28.6,6.04,0.67,15.37,58.95,99.53
2026-01-23 09:00:00,Carapungo,22.26,94.5,42.9,22.77,3.94,0.64,19.98,46.76,105.39
2026-01-23 10:00:00,Cotocollao,38.65,28.71,18.36,34.93,3.26,0.74,16.84,76.12,87.51
2026-01-23 11:00:00,Tumbaco,24.06,28.6,9.56,26.48,4.98,0.69,11.79,60.37,57.87
2026-01-23 12:00:00,Centro,23.09,55.12,21.14,31.69,5.27,0.57,21.5,67.19,79.28
2026-01-23 13:00:00,Cotocollao,44.02,44.26,28.46,24.66,10.84,0.42,15.67,52.57,108.28
2026-01-23 14:00:00,Cotocollao,32.84,70.65,39.19,23.45,4.63,0.62,15.44,70.23,116.21
2026-01-23 15:00:00,Tumbaco,15.52,42.69,22.0,28.59,2.74,0.29,16.79,55.86,68.85
2026-01-23 16:00:00,Centro,2.81,39.66,28.21,28.09,5.55,0.63,18.82,63.3,42.45
2026-01-23 17:00:00,Los Chillos,60.49,73.05,42.97,31.36,0.85,1.16,17.83,75.53,152.35
2026-01-23 18:00:00,Los Chillos,16.33,78.71,31.99,26.12,4.82,0.52,19.64,74.49,85.69
2026-01-23 19:00:00,Cotocollao,14.58,102.47,32.08,15.15,5.03,0.44,13.98,64.74,91.38
2026-01-23 20:00:00,Centro,63.38,144.29,33.11,24.97,6.59,1.37,15.77,43.78,183.84
2026-01-23 21:00:00,Cotocollao,45.67,32.75,12.08,33.56,6.95,0.48,17.65,100.0,94.35
2026-01-23 22:00:00,Carapungo,43.0,42.69,28.44,25.92,3.99,0.83,23.69,85.95,95.27
2026-01-23 23:00:00,Cotocollao,29.16,28.75,28.89,26.28,4.7,0.57,17.66,73.67,71.36
2026-01-24 00:00:00,Cotocollao,29.43,45.64,26.65,34.9,3.47,0.57,21.26,55.96,88.62
2026-01-24 01:00:00,Los Chillos,28.83,52.0,21.67,23.02,2.74,0.69,18.12,63.64,85.55
2026-01-24 02:00:00,Los Chillos,28.07,59.81,17.43,17.2,5.62,0.42,16.55,58.48,69.59
2026-01-24 03:00:00,Los Chillos,24.25,43.86,29.87,26.88,2.45,0.63,17.26,80.17,79.31
2026-01-24 04:00:00,Carapungo,29.68,52.26,18.8,24.61,4.17,0.52,17.49,68.15,86.52
2026-01-24 05:00:00,Los Chillos,21.5,47.28,31.21,21.24,3.01,0.34,19.81,55.59,64.16
2026-01-24 06:00:00,Centro,22.36,45.46,23.78,26.77,6.1,0.67,22.12,59.35,82.35
2026-01-24 07:00:00,Tumbaco,23.71,91.61,22.78,31.44,8.6,0.82,19.08,78.45,90.33
2026-01-24 08:00:00,Centro,17.76,43.86,27.86,27.93,2.4,0.85,21.56,84.2,80.79
2026-01-24 09:00:00,Centro,44.55,100.32,44.08,30.15,1.29,0.54,15.11,83.34,131.49
2026-01-24 10:00:00,Los Chillos,14.09,75.35,32.8,40.69,4.75,0.92,16.76,74.08,75.09
2026-01-24 11:00:00,Tumbaco,10.54,36.08,23.3,25.6,5.03,0.78,15.83,61.97,50.3
2026-01-24 12:00:00,Tumbaco,18.75,33.72,26.26,29.95,5.44,0.79,18.94,26.1,66.88
2026-01-24 13:00:00,Tumbaco,26.51,31.71,23.34,24.44,4.11,0.54,16.92,68.57,69.53
2026-01-24 14:00:00,Carapungo,38.15,54.98,21.02,22.08,4.6,0.25,20.19,64.98,91.09
2026-01-24 15:00:00,Los Chillos,9.44,65.59,22.35,23.91,5.74,0.99,15.21,66.68,66.15
2026-01-24 16:00:00,Tumbaco,11.27,9.46,15.01,24.65,7.08,0.59,18.13,65.65,37.58
2026-01-24 17:00:00,Carapungo,57.58,132.6,69.51,30.52,1.09,0.68,20.06,49.08,181.22
2026-01-24 18:00:00,Cotocollao,23.33,39.01,25.45,44.44,4.26,1.03,11.8,71.69,67.22
2026-01-24 19:00:00,Cotocollao,33.33,67.65,53.05,22.99,5.43,1.25,24.36,72.59,121.06
2026-01-24 20:00:00,Carapungo,51.48,75.19,62.68,25.08,3.16,0.89,17.15,73.19,148.7
2026-01-24 21:00:00,Carapungo,18.53,69.98,51.53,27.56,8.46,0.86,11.92,76.36,107.97
2026-01-24 22:00:00,Los Chillos,22.84,21.03,21.72,30.77,3.73,0.82,18.47,72.25,59.08
2026-01-24 23:00:00,Los Chillos,11.33,51.93,30.7,29.84,4.92,0.38,18.1,60.08,48.53
2026-01-25 00:00:00,Cotocollao,18.91,82.9,47.58,36.99,6.11,0.47,17.75,64.15,101.95
2026-01-25 01:00:00,Tumbaco,19.65,19.64,16.05,11.02,3.82,0.79,20.97,66.09,55.87
2026-01-25 02:00:00,Cotocollao,10.18,52.63,13.99,11.29,1.31,0.1,20.24,66.29,36.63
2026-01-25 03:00:00,Tumbaco,20.42,28.06,7.97,24.53,4.14,0.57,18.89,76.98,41.64
2026-01-25 04:00:00,Tumbaco,17.47,41.11,24.56,35.68,7.06,0.31,19.35,72.72,77.32
2026-01-25 05:00:00,Los Chillos,26.42,45.29,9.93,17.04,4.33,0.5,17.69,89.93,78.41
2026-01-25 06:00:00,Centro,33.31,49.53,30.83,6.95,3.31,0.54,23.33,91.48,68.62
2026-01-25 07:00:00,Centro,69.12,109.87,59.85,32.0,6.85,0.79,13.56,65.96,181.8
2026-01-25 08:00:00,Carapungo,44.85,140.53,51.64,29.71,4.34,0.73,18.42,20.0,169.58
2026-01-25 09:00:00,Los Chillos,27.85,63.2,42.61,20.37,3.98,0.57,18.2,79.84,92.52
2026-01-25 10:00:00,Tumbaco,18.38,44.64,21.42,21.1,5.3,1.06,20.44,58.52,64.03
2026-01-25 11:00:00,Centro,36.88,35.84,49.32,21.21,6.54,0.97,15.47,55.38,104.61
2026-01-25 12:00:00,Tumbaco,17.91,24.52,13.91,28.77,9.76,0.37,12.77,60.22,43.17
2026-01-25 13:00:00,Centro,31.25,72.92,27.42,23.62,6.65,0.92,18.47,59.64,85.33
2026-01-25 14:00:00,Centro,22.94,94.17,26.35,31.46,7.32,0.52,18.84,72.35,101.32
2026-01-25 15:00:00,Centro,23.38,70.47,44.3,8.02,3.99,0.63,22.47,46.29,76.24
2026-01-25 16:00:00,Los Chillos,10.78,40.3,32.2,22.0,2.95,0.59,14.19,52.07,60.7
2026-01-25 17:00:00,Cotocollao,59.39,74.23,47.21,20.12,5.12,0.7,21.46,69.12,155.2
2026-01-25 18:00:00,Tumbaco,14.46,31.49,41.36,26.21,5.21,1.2,25.1,72.48,60.58
2026-01-25 19:00:00,Los Chillos,24.69,81.1,23.36,24.23,2.84,0.94,16.87,72.7,83.13
2026-01-25 20:00:00,Los Chillos,24.38,87.35,57.51,33.58,4.65,0.76,14.13,55.56,123.37
2026-01-25 21:00:00,Los Chillos,29.16,38.22,37.19,14.98,5.8,0.34,16.78,53.26,87.23
2026-01-25 22:00:00,Los Chillos,19.64,37.95,30.88,28.32,5.72,0.42,18.04,58.92,64.82
2026-01-25 23:00:00,Los Chillos,31.98,48.99,39.25,31.91,6.01,0.27,19.69,67.88,105.24
2026-01-26 00:00:00,Carapungo,21.6,49.98,15.27,41.0,5.58,0.6,16.23,82.83,81.61
2026-01-26 01:00:00,Tumbaco,19.39,35.21,16.64,24.63,3.99,0.36,22.67,40.43,60.64
2026-01-26 02:00:00,Los Chillos,15.32,76.5,19.12,30.27,3.97,0.55,14.66,62.35,64.43
2026-01-26 03:00:00,Tumbaco,31.33,33.04,24.62,15.37,2.6,0.87,12.78,49.01,77.72
2026-01-26 04:00:00,Carapungo,16.25,51.51,21.58,11.26,8.57,0.84,21.32,45.17,65.55
2026-01-26 05:00:00,Carapungo,31.82,45.87,40.38,33.91,5.03,0.59,11.18,76.6,96.55
2026-01-26 06:00:00,Tumbaco,21.66,44.93,28.77,27.96,4.55,0.58,17.39,71.54,82.47
2026-01-26 07:00:00,Centro,53.15,88.79,64.18,36.25,3.14,1.46,27.35,70.39,152.53
2026-01-26 08:00:00,Cotocollao,33.85,58.18,45.0,18.39,10.87,1.06,17.96,76.05,95.85
2026-01-26 09:00:00,Centro,44.02,136.12,35.9,31.64,2.85,0.8,14.64,59.24,146.58
2026-01-26 10:00:00,Centro,31.29,92.81,25.52,41.08,4.14,0.31,17.83,59.81,100.46
2026-01-26 11:00:00,Centro,29.15,50.39,49.0,30.94,5.83,0.68,17.85,91.23,96.0
2026-01-26 12:00:00,Los Chillos,29.71,17.0,31.23,29.94,6.2,0.77,18.48,62.04,65.75
2026-01-26 13:00:00,Carapungo,51.59,78.15,32.09,28.06,6.92,0.47,19.99,73.82,129.79
2026-01-26 14:00:00,Centro,24.56,48.62,30.32,17.0,8.62,0.66,14.88,65.08,78.68
2026-01-26 15:00:00,Carapungo,14.35,73.92,11.43,37.49,6.01,0.53,23.06,42.82,71.64
2026-01-26 16:00:00,Tumbaco,17.03,12.36,13.15,23.72,2.89,0.56,18.74,40.46,47.05
2026-01-26 17:00:00,Cotocollao,70.35,96.34,66.48,31.53,4.49,0.15,20.18,58.05,180.15
2026-01-26 18:00:00,Tumbaco,18.68,32.2,17.71,17.06,5.62,0.83,16.12,77.67,68.4
2026-01-26 19:00:00,Tumbaco,42.14,67.15,31.82,19.74,9.14,1.19,21.86,74.46,105.55
2026-01-26 20:00:00,Los Chillos,53.13,67.82,49.59,38.05,2.2,0.71,17.23,75.97,147.36
2026-01-26 21:00:00,Cotocollao,19.33,33.76,16.46,25.57,7.41,0.61,18.83,53.16,46.66
2026-01-26 22:00:00,Tumbaco,21.24,31.12,21.18,38.17,5.36,0.45,15.2,84.39,59.76
2026-01-26 23:00:00,Tumbaco,28.02,44.24,26.0,27.45,6.68,0.67,15.01,53.42,72.85
2026-01-27 00:00:00,Cotocollao,20.86,51.25,27.61,15.11,4.8,0.56,20.06,67.55,78.2
2026-01-27 01:00:00,Cotocollao,22.41,59.14,52.74,34.24,3.32,0.41,16.67,64.88,95.05
2026-01-27 02:00:00,Tumbaco,13.88,59.72,9.32,23.87,6.5,0.87,15.44,62.91,58.71
2026-01-27 03:00:00,Cotocollao,15.27,23.69,36.82,32.89,6.31,0.79,16.07,81.06,57.41
2026-01-27 04:00:00,Tumbaco,13.44,55.41,18.89,28.18,6.94,0.48,20.1,56.54,58.03
2026-01-27 05:00:00,Tumbaco,9.77,37.25,24.94,17.2,4.97,0.7,16.11,48.8,45.46
2026-01-27 06:00:00,Los Chillos,22.27,31.52,28.53,29.15,3.8,0.71,17.65,65.24,75.35
2026-01-27 07:00:00,Centro,33.26,52.6,40.18,43.37,1.88,1.09,18.05,60.2,100.74
2026-01-27 08:00:00,Tumbaco,28.64,50.6,32.2,31.45,6.64,0.39,12.25,100.0,98.76
2026-01-27 09:00:00,Carapungo,18.63,114.71,19.77,27.6,5.85,1.2,13.59,73.12,81.2
2026-01-27 10:00:00,Centro,34.51,60.32,41.76,35.53,3.07,0.49,19.01,60.09,100.79
2026-01-27 11:00:00,Centro,40.14,94.73,38.34,29.47,3.92,0.53,15.79,52.33,137.36
2026-01-27 12:00:00,Centro,8.47,32.53,42.15,29.47,4.07,1.13,21.17,42.44,61.44
2026-01-27 13:00:00,Los Chillos,24.99,44.82,33.46,20.36,2.03,0.66,20.9,52.7,70.61
2026-01-27 14:00:00,Tumbaco,25.46,20.97,22.35,29.64,3.36,0.52,20.16,66.38,69.74
2026-01-27 15:00:00,Los Chillos,12.32,50.45,26.18,35.25,2.73,0.16,23.46,82.13,56.9
2026-01-27 16:00:00,Tumbaco,28.3,46.64,14.36,22.15,4.18,0.88,17.75,78.46,70.44
2026-01-27 17:00:00,Los Chillos,38.03,58.03,28.95,37.97,3.52,0.5,19.95,67.75,95.62
2026-01-27 18:00:00,Los Chillos,24.54,8.91,51.74,27.36,1.75,0.6,16.25,61.12,102.3
2026-01-27 19:00:00,Carapungo,42.03,93.57,71.16,21.79,9.05,0.8,25.36,68.23,144.12
2026-01-27 20:00:00,Los Chillos,39.7,77.33,34.64,34.98,7.51,1.32,23.95,58.78,107.37
2026-01-27 21:00:00,Cotocollao,24.87,56.17,27.9,25.99,3.44,0.75,18.04,85.62,95.7
2026-01-27 22:00:00,Carapungo,34.2,82.6,23.09,33.32,5.54,0.57,19.16,62.73,108.41
2026-01-27 23:00:00,Los Chillos,14.63,28.93,34.38,25.96,5.83,0.66,22.08,63.96,56.9
2026-01-28 00:00:00,Centro,32.7,77.28,42.45,27.58,7.38,0.48,17.56,38.41,101.57
2026-01-28 01:00:00,Cotocollao,11.76,69.18,44.58,31.45,3.36,0.63,16.03,62.65,85.7
2026-01-28 02:00:00,Cotocollao,23.22,20.15,19.77,30.04,7.18,0.61,20.62,75.04,61.88
2026-01-28 03:00:00,Cotocollao,16.25,54.77,24.17,14.03,3.9,0.79,18.24,52.19,50.87
2026-01-28 04:00:00,Carapungo,20.95,48.67,34.91,20.15,2.33,0.79,18.55,55.99,92.99
2026-01-28 05:00:00,Los Chillos,31.89,43.78,30.17,34.51,6.45,0.7,15.5,74.51,88.81
2026-01-28 06:00:00,Los Chillos,30.73,50.22,23.27,27.08,7.58,0.53,12.85,47.28,97.52
2026-01-28 07:00:00,Centro,56.43,79.15,37.83,24.33,10.18,1.12,18.71,77.69,154.7
2026-01-28 08:00:00,Centro,27.85,73.22,67.31,18.49,2.6,0.87,20.71,58.61,108.59
2026-01-28 09:00:00,Cotocollao,32.12,75.1,50.77,20.44,6.4,0.58,17.32,60.34,119.7
2026-01-28 10:00:00,Centro,44.39,40.17,24.74,13.85,4.18,0.52,22.31,51.51,93.45
2026-01-28 11:00:00,Carapungo,30.07,37.33,46.6,27.29,6.57,0.62,15.89,69.54,79.95
2026-01-28 12:00:00,Los Chillos,40.55,55.19,34.36,23.81,2.06,0.78,14.84,94.52,105.52
2026-01-28 13:00:00,Cotocollao,27.66,30.54,28.68,21.23,2.47,0.56,17.8,74.38,79.62
2026-01-28 14:00:00,Centro,32.95,76.99,35.89,27.52,3.45,0.36,17.75,54.63,100.66
2026-01-28 15:00:00,Carapungo,25.39,67.52,38.26,30.55,5.16,0.61,20.31,78.63,92.2
2026-01-28 16:00:00,Carapungo,29.99,24.85,23.54,42.65,3.72,0.62,15.68,61.2,89.6
2026-01-28 17:00:00,Centro,43.64,73.16,53.0,17.42,6.32,0.96,22.1,81.49,131.35
2026-01-28 18:00:00,Los Chillos,41.5,94.37,11.67,36.12,7.05,1.18,23.9,74.68,109.82
2026-01-28 19:00:00,Centro,62.27,63.59,67.22,34.81,6.2,1.21,17.88,29.68,173.74
2026-01-28 20:00:00,Cotocollao,25.92,62.76,20.64,22.55,8.24,0.72,21.75,52.95,83.63
2026-01-28 21:00:00,Centro,15.89,72.7,51.84,29.42,5.83,0.48,14.83,76.33,69.79
2026-01-28 22:00:00,Carapungo,9.5,73.78,29.07,24.8,2.57,0.39,21.23,66.82,69.33
2026-01-28 23:00:00,Centro,36.49,57.72,32.63,29.3,7.73,0.74,21.14,52.71,107.24
2026-01-29 00:00:00,Los Chillos,13.17,36.04,19.98,38.56,3.79,0.89,20.59,57.4,59.96
2026-01-29 01:00:00,Tumbaco,3.82,53.07,18.16,32.24,6.82,0.54,17.95,42.13,54.31
2026-01-29 02:00:00,Centro,35.15,99.52,50.89,31.56,8.15,0.55,9.14,63.94,121.5
2026-01-29 03:00:00,Los Chillos,41.94,59.68,5.1,24.99,5.91,0.89,16.07,91.53,98.75
2026-01-29 04:00:00,Los Chillos,21.95,46.28,35.22,17.61,2.01,0.7,16.12,74.66,65.54
2026-01-29 05:00:00,Carapungo,37.32,42.74,36.02,26.54,3.16,0.69,15.07,91.29,104.21
2026-01-29 06:00:00,Los Chillos,22.65,32.54,15.34,36.45,7.65,0.36,18.37,75.59,79.94
2026-01-29 07:00:00,Los Chillos,31.81,79.26,24.6,17.31,4.66,1.1,16.74,77.33,92.23
2026-01-29 08:00:00,Los Chillos,44.03,76.91,57.62,20.61,5.16,0.62,15.53,88.69,127.18
2026-01-29 09:00:00,Los Chillos,29.52,99.04,26.15,28.88,6.52,0.56,14.82,69.53,97.7
2026-01-29 10:00:00,Cotocollao,26.55,60.23,17.35,21.11,6.39,0.53,15.85,62.75,79.23
2026-01-29 11:00:00,Cotocollao,27.03,24.7,37.51,22.45,5.56,0.48,21.36,77.39,69.96
2026-01-29 12:00:00,Carapungo,21.65,79.01,36.02,25.03,4.58,0.56,16.02,82.45,93.65
2026-01-29 13:00:00,Centro,41.91,42.04,24.5,18.44,4.37,0.31,16.46,59.24,101.97
2026-01-29 14:00:00,Los Chillos,20.6,39.24,26.73,21.18,6.72,0.79,16.63,56.34,74.52
2026-01-29 15:00:00,Centro,22.34,68.25,23.51,32.92,6.11,0.83,19.02,66.67,69.95
2026-01-29 16:00:00,Centro,36.81,104.91,47.33,18.85,4.49,0.21,19.37,74.98,131.01
2026-01-29 17:00:00,Carapungo,28.88,178.72,65.31,16.81,7.16,1.19,8.87,74.58,163.42
2026-01-29 18:00:00,Los Chillos,33.34,81.15,43.88,23.59,4.74,0.66,21.06,47.91,119.2
2026-01-29 19:00:00,Los Chillos,32.89,63.38,41.84,33.12,3.3,1.16,22.31,87.94,113.85
2026-01-29 20:00:00,Tumbaco,36.82,63.62,46.91,26.62,3.48,0.88,14.85,57.31,117.42
2026-01-29 21:00:00,Centro,36.12,81.64,35.0,24.75,3.04,0.61,15.08,61.82,119.43
2026-01-29 22:00:00,Centro,30.52,56.27,21.76,28.31,4.46,0.56,16.65,54.17,102.45
2026-01-29 23:00:00,Cotocollao,31.4,79.12,31.46,15.78,7.47,0.84,15.73,97.38,93.58
2026-01-30 00:00:00,Tumbaco,26.5,38.76,33.35,31.46,3.39,0.35,18.67,67.9,89.98
2026-01-30 01:00:00,Cotocollao,29.11,57.71,18.57,30.68,5.38,0.72,12.16,54.79,84.85
2026-01-30 02:00:00,Cotocollao,24.29,60.49,24.32,25.13,3.69,0.82,14.65,75.37,81.58
2026-01-30 03:00:00,Cotocollao,12.66,56.46,31.16,35.04,4.48,0.74,22.62,74.23,58.59
2026-01-30 04:00:00,Carapungo,17.52,74.86,31.94,20.11,1.98,1.06,15.22,62.75,81.16
2026-01-30 05:00:00,Carapungo,25.43,46.46,22.28,35.9,4.56,0.49,21.73,75.09,70.18
2026-01-30 06:00:00,Cotocollao,18.84,40.29,37.37,29.08,4.61,0.79,19.07,55.1,72.79
2026-01-30 07:00:00,Tumbaco,24.61,34.2,52.27,25.64,6.08,0.87,12.57,59.08,82.35
2026-01-30 08:00:00,Centro,47.15,108.34,55.8,27.86,5.45,1.27,19.91,40.88,150.94
2026-01-30 09:00:00,Tumbaco,31.49,68.02,21.32,27.25,2.6,0.9,17.65,49.11,91.42
2026-01-30 10:00:00,Los Chillos,21.44,51.87,12.61,36.54,7.17,0.52,16.63,86.69,69.82
2026-01-30 11:00:00,Carapungo,33.66,91.15,35.18,20.46,5.42,0.86,18.73,84.7,99.22
2026-01-30 12:00:00,Centro,31.52,62.88,47.36,22.66,5.4,0.5,19.42,65.79,92.67
2026-01-30 13:00:00,Centro,8.67,77.04,40.32,35.25,4.98,0.32,20.12,84.96,77.55
2026-01-30 14:00:00,Los Chillos,14.49,28.62,24.98,23.83,3.96,0.5,21.53,63.08,48.84
2026-01-30 15:00:00,Los Chillos,20.85,39.19,20.29,34.3,5.44,0.72,19.22,62.08,78.04
2026-01-30 16:00:00,Cotocollao,13.55,60.98,17.89,39.9,5.95,0.88,13.87,65.68,69.86
2026-01-30 17:00:00,Carapungo,52.26,112.59,61.77,25.19,1.51,0.93,16.58,63.5,168.25
2026-01-30 18:00:00,Carapungo,66.78,79.15,63.0,32.77,3.92,1.3,26.83,62.42,188.84
2026-01-30 19:00:00,Tumbaco,38.1,52.71,15.16,19.92,4.49,0.49,20.17,78.72,87.33
2026-01-30 20:00:00,Cotocollao,33.48,36.68,62.24,33.28,5.51,0.77,25.11,66.8,106.92
2026-01-30 21:00:00,Cotocollao,37.32,43.61,32.55,29.4,7.39,0.54,22.19,73.55,105.7
2026-01-30 22:00:00,Cotocollao,25.51,64.19,39.82,31.31,3.46,0.58,18.73,77.38,98.59
2026-01-30 23:00:00,Cotocollao,21.23,58.99,15.69,23.48,4.0,0.62,18.9,69.66,69.09
2026-01-31 00:00:00,Carapungo,22.22,68.26,18.3,16.37,3.97,0.74,17.89,53.36,87.11
2026-01-31 01:00:00,Carapungo,25.45,59.47,30.95,31.52,3.4,0.51,12.79,48.77,85.29
2026-01-31 02:00:00,Cotocollao,20.78,49.62,31.92,13.56,4.31,0.63,18.05,66.79,74.29
2026-01-31 03:00:00,Tumbaco,18.69,28.08,31.5,25.78,6.54,0.59,21.63,62.94,66.23
2026-01-31 04:00:00,Centro,32.6,77.68,42.91,34.59,2.89,0.41,16.2,66.05,103.06
2026-01-31 05:00:00,Centro,30.83,71.84,32.28,29.34,5.86,0.58,19.24,64.81,100.26
2026-01-31 06:00:00,Tumbaco,20.4,41.9,13.43,41.64,1.6,0.57,20.55,96.0,77.43
2026-01-31 07:00:00,Cotocollao,52.02,61.23,57.49,35.18,3.88,0.85,15.27,49.04,147.9
2026-01-31 08:00:00,Carapungo,57.71,24.76,33.7,23.42,4.34,0.91,16.65,41.12,123.07
2026-01-31 09:00:00,Centro,21.25,129.06,79.86,28.19,8.35,0.92,14.95,68.99,135.98
2026-01-31 10:00:00,Los Chillos,1.57,37.82,22.72,27.67,4.45,0.51,15.53,60.48,42.74
2026-01-31 11:00:00,Los Chillos,29.47,32.06,37.72,16.92,0.6,0.85,14.14,68.79,92.19
2026-01-31 12:00:00,Tumbaco,8.85,44.32,24.35,21.42,1.0,0.37,15.3,72.01,55.67
2026-01-31 13:00:00,Cotocollao,22.22,43.03,26.29,24.07,5.07,0.46,22.26,80.41,68.96
2026-01-31 14:00:00,Centro,17.69,85.26,29.18,13.75,6.23,1.16,15.25,46.91,87.41
2026-01-31 15:00:00,Cotocollao,8.34,59.68,24.5,28.33,5.75,0.39,18.38,58.32,61.33
2026-01-31 16:00:00,Centro,36.86,77.35,39.8,26.26,5.34,0.33,16.49,70.15,103.7
2026-01-31 17:00:00,Tumbaco,33.69,29.41,30.74,16.29,7.32,1.12,21.54,74.25,90.28
2026-01-31 18:00:00,Tumbaco,20.87,75.81,24.3,30.83,3.92,0.28,21.93,91.32,62.96
2026-01-31 19:00:00,Los Chillos,1.91,73.38,35.51,33.01,6.79,0.83,20.59,76.47,68.41
2026-01-31 20:00:00,Cotocollao,29.09,65.11,42.29,29.59,1.74,1.54,18.92,64.32,113.92
2026-01-31 21:00:00,Los Chillos,25.13,47.15,7.97,25.73,3.19,0.29,17.31,54.31,71.21
2026-01-31 22:00:00,Cotocollao,11.19,20.19,31.53,32.14,1.39,0.2,14.42,58.23,48.15
2026-01-31 23:00:00,Los Chillos,23.47,51.13,17.16,32.76,4.45,0.3,23.83,57.89,74.11
2026-02-01 00:00:00,Carapungo,28.44,38.43,20.51,30.15,4.91,0.78,15.72,72.86,90.74
2026-02-01 01:00:00,Carapungo,34.62,32.12,14.95,22.23,5.23,0.82,19.99,68.08,92.16
2026-02-01 02:00:00,Carapungo,29.84,28.81,13.84,29.94,5.12,0.5,21.18,49.12,71.4
2026-02-01 03:00:00,Carapungo,18.48,80.2,18.4,36.37,3.14,0.74,16.33,59.77,81.08
2026-02-01 04:00:00,Centro,44.2,49.79,27.06,23.82,4.62,0.88,21.11,75.53,117.41
2026-02-01 05:00:00,Carapungo,26.95,88.41,52.81,42.69,2.01,0.96,20.29,69.22,106.69
2026-02-01 06:00:00,Tumbaco,17.43,29.57,16.63,24.32,7.73,0.55,23.18,71.82,52.63
2026-02-01 07:00:00,Tumbaco,17.44,23.27,31.71,28.23,4.39,0.21,16.59,69.6,71.0
2026-02-01 08:00:00,Centro,38.75,59.33,59.23,23.29,4.02,0.65,14.14,84.52,129.41
2026-02-01 09:00:00,Carapungo,29.1,123.9,50.79,29.56,8.18,0.77,16.48,67.83,131.1
2026-02-01 10:00:00,Carapungo,26.8,55.46,31.69,15.8,2.52,0.55,18.63,60.37,72.24
2026-02-01 11:00:00,Carapungo,46.4,47.81,20.07,24.18,2.75,0.56,18.17,54.01,103.88
2026-02-01 12:00:00,Los Chillos,11.02,47.4,36.61,20.36,2.81,0.82,16.82,68.0,60.95
2026-02-01 13:00:00,Cotocollao,10.0,57.78,43.4,28.95,4.86,0.85,12.27,35.71,76.99
2026-02-01 14:00:00,Los Chillos,33.77,61.76,11.54,34.96,5.86,0.57,19.41,62.79,82.61
2026-02-01 15:00:00,Cotocollao,22.36,73.4,18.49,32.52,6.48,0.82,23.92,62.53,74.57
2026-02-01 16:00:00,Carapungo,21.64,51.48,29.59,11.4,10.14,0.67,19.39,48.63,57.77
2026-02-01 17:00:00,Carapungo,59.12,48.96,33.7,42.29,0.5,0.92,19.83,53.86,147.83
2026-02-01 18:00:00,Los Chillos,25.73,58.2,43.57,30.07,6.22,1.17,19.72,74.72,96.23
2026-02-01 19:00:00,Los Chillos,54.91,73.36,28.76,22.56,3.89,0.92,19.19,67.77,134.08
2026-02-01 20:00:00,Cotocollao,45.25,50.4,69.83,29.1,3.83,1.52,20.79,66.22,142.28
2026-02-01 21:00:00,Tumbaco,14.48,24.51,27.62,29.23,3.76,0.31,19.19,68.68,46.69
2026-02-01 22:00:00,Cotocollao,43.18,55.17,29.37,23.33,3.18,0.5,17.06,66.11,97.13
2026-02-01 23:00:00,Los Chillos,17.15,44.27,33.22,29.39,8.37,0.57,15.61,79.91,63.34
2026-02-02 00:00:00,Los Chillos,27.94,45.49,33.85,23.75,6.68,0.69,17.25,66.48,81.0
2026-02-02 01:00:00,Centro,34.15,47.07,28.68,25.17,5.05,0.85,18.94,47.5,97.55
2026-02-02 02:00:00,Los Chillos,32.41,41.54,18.47,23.2,7.7,0.6,17.05,84.56,75.2
2026-02-02 03:00:00,Centro,48.29,43.59,35.88,17.97,1.97,0.32,18.94,69.44,125.38
2026-02-02 04:00:00,Tumbaco,17.8,46.68,25.51,29.02,2.34,0.77,19.32,57.93,78.19
2026-02-02 05:00:00,Cotocollao,17.57,66.58,28.72,32.1,0.64,0.75,20.5,49.96,85.63
2026-02-02 06:00:00,Cotocollao,28.25,19.04,13.62,31.6,3.6,0.21,21.85,69.75,63.02
2026-02-02 07:00:00,Centro,34.81,65.22,39.01,33.74,5.32,0.9,18.23,63.59,122.71
2026-02-02 08:00:00,Cotocollao,62.88,37.21,40.27,30.27,5.21,0.42,14.08,83.89,134.42
2026-02-02 09:00:00,Los Chillos,34.64,52.87,36.59,24.27,5.3,0.7,16.96,60.85,100.38
2026-02-02 10:00:00,Carapungo,24.8,56.87,53.01,33.88,2.18,0.42,18.13,54.95,99.62
2026-02-02 11:00:00,Centro,32.87,32.56,19.48,18.5,6.61,0.76,12.49,75.75,85.43
2026-02-02 12:00:00,Cotocollao,12.35,34.29,31.95,21.7,5.48,0.62,22.17,76.1,63.96
2026-02-02 13:00:00,Centro,19.92,41.92,51.68,21.25,6.47,0.34,18.43,67.02,77.82
2026-02-02 14:00:00,Centro,44.24,67.35,60.44,35.56,1.21,0.78,19.14,73.12,132.61
2026-02-02 15:00:00,Carapungo,21.77,59.85,28.29,34.6,5.62,0.31,22.1,64.55,84.68
2026-02-02 16:00:00,Los Chillos,13.62,34.17,28.93,31.41,2.62,0.67,16.11,67.81,67.3
2026-02-02 17:00:00,Centro,55.22,100.07,62.07,35.5,4.21,0.66,19.72,78.98,160.55
2026-02-02 18:00:00,Cotocollao,51.95,60.72,43.83,21.85,6.07,0.79,17.67,72.5,119.37
2026-02-02 19:00:00,Tumbaco,33.3,49.11,29.05,30.44,5.18,1.05,17.45,62.97,95.6
2026-02-02 20:00:00,Centro,62.93,147.21,59.82,27.12,3.3,1.06,15.68,81.23,195.75
2026-02-02 21:00:00,Centro,22.32,91.15,6.64,33.93,5.01,0.87,23.0,36.62,97.0
2026-02-02 22:00:00,Carapungo,13.81,33.16,39.59,27.19,1.94,0.58,16.87,89.62,56.58
2026-02-02 23:00:00,Los Chillos,34.01,57.45,26.01,25.31,7.3,0.66,20.1,44.53,91.53
2026-02-03 00:00:00,Tumbaco,15.53,45.74,18.58,31.79,4.59,0.51,12.37,57.47,57.83
2026-02-03 01:00:00,Cotocollao,21.99,30.55,45.51,34.13,7.24,0.64,21.54,64.51,93.26
2026-02-03 02:00:00,Tumbaco,26.1,45.83,15.68,23.32,3.95,0.69,21.16,63.24,73.04
2026-02-03 03:00:00,Cotocollao,29.09,74.88,23.95,27.57,3.95,0.58,18.29,77.08,85.59
2026-02-03 04:00:00,Los Chillos,25.65,28.16,40.93,20.59,3.47,0.24,17.32,52.31,81.85
2026-02-03 05:00:00,Cotocollao,43.25,34.36,20.18,10.51,6.75,0.67,19.2,68.13,89.41
2026-02-03 06:00:00,Carapungo,21.91,78.34,26.78,29.4,3.58,0.67,24.87,58.06,77.1
2026-02-03 07:00:00,Carapungo,57.37,95.69,46.46,32.26,6.29,0.7,12.71,68.54,148.18
2026-02-03 08:00:00,Carapungo,43.79,103.88,61.87,29.83,4.24,0.51,20.35,64.22,160.23
2026-02-03 09:00:00,Carapungo,47.09,97.71,51.99,14.35,1.05,1.34,15.27,66.12,148.72
2026-02-03 10:00:00,Tumbaco,27.38,40.69,11.73,25.54,3.86,0.7,17.94,58.4,72.45
2026-02-03 11:00:00,Los Chillos,26.06,25.1,20.74,12.47,2.64,0.55,17.26,58.88,63.27
2026-02-03 12:00:00,Cotocollao,28.94,66.78,22.16,37.59,5.07,0.37,16.72,68.45,91.89
2026-02-03 13:00:00,Cotocollao,33.64,68.8,26.82,20.4,2.62,0.44,17.97,76.32,98.09
2026-02-03 14:00:00,Carapungo,24.8,54.03,36.93,36.79,6.85,0.86,14.6,57.82,94.21
2026-02-03 15:00:00,Carapungo,19.87,57.65,36.85,34.62,4.82,0.63,21.09,54.57,84.7
2026-02-03 16:00:00,Centro,19.1,30.85,15.11,21.7,4.64,0.49,12.62,72.36,62.89
2026-02-03 17:00:00,Los Chillos,9.4,79.07,50.27,20.07,6.31,1.05,19.62,64.61,84.63
2026-02-03 18:00:00,Tumbaco,46.14,64.3,32.42,30.45,6.93,0.66,17.02,74.97,111.59
2026-02-03 19:00:00,Cotocollao,21.74,72.71,59.53,22.09,4.96,1.35,14.49,54.13,103.02
2026-02-03 20:00:00,Centro,42.48,129.92,59.96,28.72,3.46,1.31,18.61,43.65,142.72
2026-02-03 21:00:00,Centro,27.7,55.98,47.33,24.62,1.45,0.51,13.33,58.6,113.2
2026-02-03 22:00:00,Cotocollao,26.91,58.82,31.61,15.53,3.63,0.47,18.12,55.8,91.8
2026-02-03 23:00:00,Tumbaco,22.82,23.76,28.62,12.39,3.77,0.1,13.73,64.05,54.69
2026-02-04 00:00:00,Centro,40.44,62.51,40.85,29.59,5.21,0.3,19.38,57.36,110.57
2026-02-04 01:00:00,Centro,24.27,59.34,33.9,24.07,4.31,0.33,15.23,73.89,78.67
2026-02-04 02:00:00,Los Chillos,20.66,48.38,43.18,24.13,6.38,0.63,16.65,61.54,95.16
2026-02-04 03:00:00,Tumbaco,19.41,31.57,25.69,32.87,3.77,0.53,18.88,66.81,54.77
2026-02-04 04:00:00,Centro,28.01,60.24,41.43,36.21,4.89,0.33,15.68,66.89,97.78
2026-02-04 05:00:00,Tumbaco,27.89,45.91,11.83,26.09,7.37,0.54,17.83,67.34,72.22
2026-02-04 06:00:00,Cotocollao,28.52,42.29,16.16,25.62,5.68,0.7,13.46,64.71,83.06
2026-02-04 07:00:00,Carapungo,54.36,40.76,53.32,31.5,4.88,1.06,19.89,71.13,137.87
2026-02-04 08:00:00,Centro,57.34,149.61,54.94,18.5,3.8,0.33,23.29,55.45,158.8
2026-02-04 09:00:00,Los Chillos,47.08,98.58,30.13,29.56,3.73,0.86,26.38,81.79,130.77
2026-02-04 10:00:00,Cotocollao,25.79,28.18,28.74,31.86,3.3,0.32,18.27,62.16,65.99
2026-02-04 11:00:00,Tumbaco,9.3,44.28,30.17,32.76,3.92,0.78,20.36,49.26,61.69
2026-02-04 12:00:00,Cotocollao,27.72,41.2,33.62,14.44,6.51,0.76,12.66,67.26,94.53
2026-02-04 13:00:00,Centro,23.5,68.53,22.22,22.67,4.56,0.42,22.51,54.79,65.34
2026-02-04 14:00:00,Tumbaco,14.22,39.53,19.29,21.85,2.3,0.45,20.33,72.98,47.95
2026-02-04 15:00:00,Carapungo,34.7,53.93,24.13,28.7,8.54,0.51,16.55,91.52,88.74
2026-02-04 16:00:00,Cotocollao,35.1,36.57,24.09,31.37,5.64,0.15,21.71,55.56,82.37
2026-02-04 17:00:00,Centro,46.56,72.75,45.55,38.48,2.19,1.0,17.24,68.99,141.52
2026-02-04 18:00:00,Los Chillos,36.71,46.89,31.77,24.54,4.12,0.82,16.63,43.93,98.15
2026-02-04 19:00:00,Tumbaco,42.74,39.03,17.95,24.52,5.22,1.19,19.43,70.45,103.25
2026-02-04 20:00:00,Cotocollao,39.48,72.59,39.56,36.05,8.41,0.57,14.81,54.37,112.98
2026-02-04 21:00:00,Cotocollao,47.09,37.69,22.57,30.08,2.78,0.48,21.06,57.5,105.83
2026-02-04 22:00:00,Carapungo,34.48,71.8,2.03,36.87,6.95,0.3,14.83,51.78,92.45
2026-02-04 23:00:00,Carapungo,10.29,87.5,53.85,30.02,7.8,0.4,14.85,73.79,82.18
2026-02-05 00:00:00,Los Chillos,28.03,36.3,33.71,19.9,3.74,0.36,15.27,77.09,86.3
2026-02-05 01:00:00,Los Chillos,25.05,48.59,21.99,18.67,4.44,0.8,20.28,65.28,76.75
2026-02-05 02:00:00,Centro,45.25,73.49,35.21,17.14,2.93,0.46,16.15,54.63,126.52
2026-02-05 03:00:00,Centro,38.34,72.91,21.88,32.63,4.59,0.62,13.96,84.07,103.87
2026-02-05 04:00:00,Los Chillos,20.89,46.14,38.57,36.32,4.93,0.52,16.18,56.0,84.86
2026-02-05 05:00:00,Los Chillos,12.21,56.14,40.18,40.95,6.32,0.35,17.9,39.06,73.52
2026-02-05 06:00:00,Tumbaco,16.26,41.79,21.0,33.9,7.18,0.57,14.46,70.5,62.23
2026-02-05 07:00:00,Carapungo,29.63,51.55,64.72,36.14,3.5,1.08,14.54,51.74,118.1
2026-02-05 08:00:00,Centro,36.45,121.88,55.44,23.94,1.07,0.54,24.33,76.86,141.53
2026-02-05 09:00:00,Carapungo,52.08,113.7,27.9,19.91,4.96,1.14,15.42,60.43,133.57
2026-02-05 10:00:00,Carapungo,45.97,43.62,28.22,33.95,5.59,0.43,17.03,72.24,119.95
2026-02-05 11:00:00,Los Chillos,25.16,45.57,26.06,30.92,5.5,0.5,16.9,81.82,63.68
2026-02-05 12:00:00,Tumbaco,9.95,44.2,17.09,28.75,4.35,0.71,16.74,50.49,47.01
2026-02-05 13:00:00,Cotocollao,28.11,46.05,25.58,30.71,5.25,0.47,19.86,58.21,81.48
2026-02-05 14:00:00,Tumbaco,25.26,48.88,19.42,30.26,8.03,0.61,20.84,64.09,79.84
2026-02-05 15:00:00,Tumbaco,13.7,64.37,19.48,36.99,5.76,0.54,17.08,83.45,79.55
2026-02-05 16:00:00,Carapungo,27.21,43.17,33.04,37.06,4.25,0.63,14.29,57.1,72.43
2026-02-05 17:00:00,Tumbaco,26.54,29.14,19.82,31.81,4.0,0.19,21.82,57.87,64.62
2026-02-05 18:00:00,Centro,33.01,104.07,40.45,33.92,4.66,0.35,17.71,70.74,101.19
2026-02-05 19:00:00,Carapungo,53.01,108.86,28.71,31.6,8.27,1.08,23.19,58.07,146.38
2026-02-05 20:00:00,Centro,44.17,87.23,68.93,24.77,4.63,1.21,11.26,66.83,151.78
2026-02-05 21:00:00,Cotocollao,27.89,73.48,8.97,33.3,4.96,0.42,18.59,46.38,94.54
2026-02-05 22:00:00,Carapungo,19.37,32.4,44.5,18.24,4.04,0.55,23.76,91.57,75.09
2026-02-05 23:00:00,Cotocollao,20.35,60.93,39.7,35.38,7.2,0.66,16.94,48.83,96.11
2026-02-06 00:00:00,Carapungo,36.11,46.69,29.36,19.64,8.92,0.74,17.32,61.14,100.0
2026-02-06 01:00:00,Los Chillos,19.02,70.79,4.17,30.0,5.9,0.19,18.89,64.61,59.48
2026-02-06 02:00:00,Tumbaco,28.65,59.91,17.69,22.08,5.17,0.42,16.32,87.95,69.33
2026-02-06 03:00:00,Los Chillos,18.8,33.5,24.49,31.87,5.07,0.53,17.06,49.1,67.18
2026-02-06 04:00:00,Cotocollao,26.18,40.43,18.61,27.76,0.23,0.74,16.99,88.8,62.89
2026-02-06 05:00:00,Tumbaco,23.57,46.32,16.7,16.84,6.49,1.1,16.12,74.09,82.6
2026-02-06 06:00:00,Carapungo,13.85,50.95,48.41,30.94,5.27,0.55,21.69,70.01,77.14
2026-02-06 07:00:00,Tumbaco,9.5,53.18,36.38,23.95,5.86,0.48,19.38,53.18,73.11
2026-02-06 08:00:00,Centro,20.57,95.3,36.97,34.17,3.58,1.02,18.75,71.85,97.2
2026-02-06 09:00:00,Tumbaco,38.52,19.45,14.66,28.01,4.23,1.3,20.43,56.32,89.06
2026-02-06 10:00:00,Centro,24.62,62.71,31.34,30.77,4.18,0.62,17.21,80.2,89.56
2026-02-06 11:00:00,Tumbaco,33.97,27.72,18.63,21.3,7.04,0.42,15.68,53.35,76.76
2026-02-06 12:00:00,Centro,24.48,52.64,40.56,23.87,4.24,0.79,16.19,63.64,85.87
2026-02-06 13:00:00,Cotocollao,25.82,73.32,22.79,24.79,9.17,0.73,18.01,58.34,90.69
2026-02-06 14:00:00,Los Chillos,34.34,26.15,29.09,34.0,5.86,0.39,14.82,53.15,78.93
2026-02-06 15:00:00,Carapungo,49.46,74.36,52.63,39.74,2.45,0.68,16.5,73.9,132.52
2026-02-06 16:00:00,Tumbaco,30.79,32.65,25.22,22.36,4.74,0.8,16.45,71.43,91.6
2026-02-06 17:00:00,Los Chillos,47.5,61.21,36.92,35.54,3.7,1.25,24.37,79.51,134.81
2026-02-06 18:00:00,Carapungo,58.88,110.87,45.89,12.81,0.61,0.88,9.68,43.64,159.54
2026-02-06 19:00:00,Carapungo,52.14,97.7,43.19,19.64,8.2,0.79,17.46,77.77,157.68
2026-02-06 20:00:00,Centro,59.28,112.47,72.33,21.29,6.41,1.27,23.18,95.07,179.08
2026-02-06 21:00:00,Cotocollao,19.35,65.48,21.98,18.53,6.07,0.36,18.37,59.58,81.27
2026-02-06 22:00:00,Cotocollao,17.0,44.03,27.9,16.91,5.33,0.69,20.26,87.74,67.09
2026-02-06 23:00:00,Los Chillos,21.97,35.82,25.41,30.89,2.24,0.33,18.3,61.84,60.68
2026-02-07 00:00:00,Cotocollao,22.7,31.6,23.08,26.5,4.03,0.81,16.0,48.53,84.61
2026-02-07 01:00:00,Tumbaco,14.7,26.1,11.22,30.66,6.68,0.55,11.27,61.33,56.42
2026-02-07 02:00:00,Cotocollao,30.33,98.16,30.34,32.83,2.9,0.85,18.62,77.58,109.09
2026-02-07 03:00:00,Los Chillos,29.64,63.67,24.51,29.86,0.1,0.7,15.67,54.94,97.36
2026-02-07 04:00:00,Cotocollao,24.98,27.21,31.9,32.6,4.55,0.36,15.6,57.8,71.4
2026-02-07 05:00:00,Tumbaco,27.06,20.13,16.58,27.51,4.72,0.88,16.5,72.12,75.47
2026-02-07 06:00:00,Centro,18.01,73.12,48.67,19.69,5.27,0.91,23.23,65.04,73.09
2026-02-07 07:00:00,Los Chillos,30.68,79.81,26.98,35.4,6.46,1.16,25.21,72.02,97.08
2026-02-07 08:00:00,Centro,34.16,111.79,81.26,23.88,6.28,0.67,18.65,67.85,154.88
2026-02-07 09:00:00,Centro,14.84,86.47,23.14,21.45,5.52,0.81,16.61,70.76,74.76
2026-02-07 10:00:00,Centro,29.87,60.37,39.87,26.75,7.39,0.63,14.47,59.81,100.25
2026-02-07 11:00:00,Carapungo,27.33,64.89,37.44,21.61,1.96,0.46,19.41,67.78,81.75
2026-02-07 12:00:00,Carapungo,44.34,60.17,24.23,25.08,6.01,0.94,23.35,53.87,126.23
2026-02-07 13:00:00,Centro,37.87,16.39,39.75,30.41,6.25,0.63,17.26,80.46,104.76
2026-02-07 14:00:00,Los Chillos,13.81,41.55,35.24,30.44,2.52,0.1,10.86,57.39,61.82
2026-02-07 15:00:00,Tumbaco,29.47,25.78,5.81,21.72,1.99,0.67,20.01,78.55,61.3
2026-02-07 16:00:00,Tumbaco,25.41,38.1,23.22,24.59,3.51,0.53,20.96,62.2,81.47
2026-02-07 17:00:00,Cotocollao,43.98,148.14,8.34,35.52,3.68,0.88,13.24,67.42,150.19
2026-02-07 18:00:00,Los Chillos,30.28,75.77,25.91,31.47,6.51,0.79,18.53,59.06,106.28
2026-02-07 19:00:00,Carapungo,27.93,78.58,74.16,42.53,3.77,1.14,19.35,52.81,148.25
2026-02-07 20:00:00,Centro,39.95,123.54,42.73,36.26,3.29,1.24,17.78,44.06,136.37
2026-02-07 21:00:00,Cotocollao,33.78,57.46,17.17,36.01,3.78,0.66,15.63,52.34,85.41
2026-02-07 22:00:00,Tumbaco,29.66,41.04,18.73,18.28,7.24,0.53,21.05,61.11,66.45
2026-02-07 23:00:00,Carapungo,44.65,70.33,54.01,33.35,5.03,0.59,16.79,67.54,136.13
2026-02-08 00:00:00,Carapungo,23.52,98.6,13.45,27.63,4.64,0.6,13.54,77.12,88.65
2026-02-08 01:00:00,Centro,18.26,39.25,23.23,24.14,4.78,0.44,11.85,59.65,61.57
2026-02-08 02:00:00,Tumbaco,18.5,41.68,29.58,29.18,7.58,0.72,21.78,54.42,77.74
2026-02-08 03:00:00,Los Chillos,7.85,31.1,39.86,34.62,3.5,0.69,19.85,47.69,69.85
2026-02-08 04:00:00,Carapungo,31.96,69.33,31.42,31.51,7.63,0.91,18.26,70.76,90.8
2026-02-08 05:00:00,Centro,29.15,43.71,21.12,21.85,5.42,0.85,16.68,81.6,76.27
2026-02-08 06:00:00,Los Chillos,18.27,38.74,41.77,33.2,4.68,0.46,16.41,80.2,82.76
2026-02-08 07:00:00,Tumbaco,11.09,48.69,45.31,23.54,10.0,1.15,14.77,73.52,71.06
2026-02-08 08:00:00,Carapungo,50.91,116.29,59.34,29.52,2.89,0.61,16.71,72.66,153.5
2026-02-08 09:00:00,Los Chillos,26.61,88.17,27.75,25.88,4.29,1.11,11.64,85.37,108.25
2026-02-08 10:00:00,Los Chillos,12.64,26.31,24.61,26.47,2.54,0.5,15.79,68.98,41.95
2026-02-08 11:00:00,Los Chillos,1.0,45.82,23.72,33.36,6.9,0.4,17.07,72.75,40.76
2026-02-08 12:00:00,Carapungo,28.31,44.66,35.94,20.72,8.38,0.66,19.83,61.15,89.89
2026-02-08 13:00:00,Carapungo,47.03,33.96,47.59,41.62,8.34,0.1,17.88,48.66,112.9
2026-02-08 14:00:00,Cotocollao,38.82,45.92,35.24,15.25,7.45,0.25,20.38,56.79,103.64
2026-02-08 15:00:00,Tumbaco,14.67,32.3,13.1,23.82,4.6,0.56,22.05,64.89,45.63
2026-02-08 16:00:00,Centro,24.06,113.96,50.42,30.59,4.27,0.62,21.17,65.73,127.66
2026-02-08 17:00:00,Los Chillos,38.63,77.24,41.26,32.09,1.66,0.79,19.41,88.12,119.19
2026-02-08 18:00:00,Cotocollao,23.12,40.15,50.32,27.3,9.07,0.43,18.04,65.98,92.22
2026-02-08 19:00:00,Centro,51.27,76.71,77.14,27.6,5.94,0.65,15.06,79.15,163.01
2026-02-08 20:00:00,Cotocollao,46.41,99.53,26.58,30.87,4.02,1.02,20.22,59.78,126.6
2026-02-08 21:00:00,Carapungo,41.36,99.22,32.13,26.38,7.66,0.72,23.04,61.26,107.81
2026-02-08 22:00:00,Los Chillos,21.2,21.21,20.75,37.75,3.05,0.6,19.03,49.05,66.65
2026-02-08 23:00:00,Centro,28.52,23.52,17.44,33.88,5.81,0.83,23.75,56.09,74.32
2026-02-09 00:00:00,Centro,20.97,102.29,38.88,34.11,4.65,0.68,13.42,71.32,106.89
2026-02-09 01:00:00,Centro,21.54,71.18,63.13,21.24,6.28,0.45,14.54,65.09,100.05
2026-02-09 02:00:00,Centro,28.26,44.77,14.39,27.44,4.87,0.54,20.57,76.32,71.64
2026-02-09 03:00:00,Centro,34.91,74.23,34.64,25.9,2.1,0.32,18.79,67.18,120.74
2026-02-09 04:00:00,Cotocollao,32.24,6.01,33.14,20.96,5.15,0.58,21.94,60.77,65.21
2026-02-09 05:00:00,Los Chillos,15.57,45.05,25.98,30.52,7.1,0.82,17.95,90.78,73.24
2026-02-09 06:00:00,Carapungo,44.12,64.89,31.32,24.24,4.94,0.74,15.4,63.87,110.64
2026-02-09 07:00:00,Carapungo,38.67,114.78,28.48,32.59,6.55,1.32,17.36,78.96,127.43
2026-02-09 08:00:00,Carapungo,42.57,58.09,52.38,20.51,2.91,0.81,13.4,60.19,120.42
2026-02-09 09:00:00,Carapungo,31.24,90.26,36.94,40.03,4.95,1.3,14.61,73.52,111.51
2026-02-09 10:00:00,Cotocollao,2.87,34.23,8.23,21.73,3.75,0.56,20.92,76.14,35.42
2026-02-09 11:00:00,Tumbaco,23.26,39.06,27.65,29.54,6.49,0.89,20.62,67.5,88.48
2026-02-09 12:00:00,Los Chillos,27.89,31.57,32.67,33.54,5.06,0.6,19.09,36.75,86.61
2026-02-09 13:00:00,Centro,27.65,54.43,35.58,24.01,6.38,0.74,12.84,65.22,91.87
2026-02-09 14:00:00,Tumbaco,18.03,24.05,21.47,33.97,7.18,0.9,16.92,79.77,54.3
2026-02-09 15:00:00,Carapungo,33.97,71.2,43.67,19.4,6.38,0.56,14.33,71.33,112.15
2026-02-09 16:00:00,Tumbaco,7.6,46.3,21.44,38.16,5.55,0.64,21.53,70.35,71.65
2026-02-09 17:00:00,Los Chillos,26.65,62.22,48.35,28.1,3.0,1.29,16.25,44.33,102.37
2026-02-09 18:00:00,Centro,59.54,95.7,47.5,23.83,4.99,0.86,14.74,56.35,155.19
2026-02-09 19:00:00,Centro,25.13,48.87,74.54,25.91,3.93,0.5,18.09,69.94,103.03
2026-02-09 20:00:00,Los Chillos,36.52,60.76,41.35,33.66,4.31,1.54,16.08,69.92,114.05
2026-02-09 21:00:00,Los Chillos,11.15,44.25,26.55,23.91,4.25,0.51,22.45,79.58,35.09
2026-02-09 22:00:00,Carapungo,33.45,109.61,19.29,22.75,3.04,0.63,15.8,63.26,110.75
2026-02-09 23:00:00,Centro,30.4,39.65,38.21,26.45,1.09,0.83,13.8,69.87,85.86
2026-02-10 00:00:00,Tumbaco,7.26,53.57,14.68,19.76,3.66,0.48,11.54,65.2,33.61
2026-02-10 01:00:00,Cotocollao,34.45,65.95,21.88,40.74,5.39,0.4,17.91,53.16,103.84
2026-02-10 02:00:00,Cotocollao,17.74,54.13,20.32,24.04,2.3,0.65,16.31,37.93,58.53
2026-02-10 03:00:00,Los Chillos,15.52,71.38,16.47,33.82,5.03,0.24,13.71,70.17,64.27
2026-02-10 04:00:00,Carapungo,30.69,65.76,54.6,29.47,8.8,0.54,21.57,67.09,122.17
2026-02-10 05:00:00,Cotocollao,34.31,55.92,39.22,21.11,7.05,0.65,20.0,57.58,90.33
2026-02-10 06:00:00,Centro,19.42,61.88,56.51,27.96,8.29,0.55,17.92,45.57,81.85
2026-02-10 07:00:00,Los Chillos,33.74,95.03,22.83,33.49,5.78,0.44,22.09,72.56,108.21
2026-02-10 08:00:00,Tumbaco,30.52,73.74,30.68,26.68,7.34,1.38,19.99,61.81,113.83
2026-02-10 09:00:00,Los Chillos,41.32,53.42,21.98,36.35,3.55,0.93,15.53,71.68,93.67
2026-02-10 10:00:00,Tumbaco,18.73,20.17,15.55,35.15,3.71,0.89,14.88,87.37,61.75
2026-02-10 11:00:00,Los Chillos,19.06,41.96,17.65,34.43,0.1,0.55,20.45,39.3,69.61
2026-02-10 12:00:00,Los Chillos,15.38,33.0,34.92,24.78,7.37,0.42,19.19,56.6,47.15
2026-02-10 13:00:00,Los Chillos,22.69,44.05,21.83,20.44,8.08,0.65,18.51,62.49,77.01
2026-02-10 14:00:00,Tumbaco,10.74,50.85,26.84,23.7,3.89,0.56,15.46,82.46,66.33
2026-02-10 15:00:00,Tumbaco,1.0,30.51,23.87,29.37,4.49,0.36,19.82,45.36,34.16
2026-02-10 16:00:00,Los Chillos,25.49,44.36,43.43,31.82,3.49,0.89,15.73,88.23,102.4
2026-02-10 17:00:00,Cotocollao,48.23,75.69,21.72,12.8,5.77,0.71,17.69,66.63,125.05
2026-02-10 18:00:00,Carapungo,6.04,112.57,68.39,27.94,7.25,0.35,22.34,63.85,99.48
2026-02-10 19:00:00,Carapungo,27.15,22.03,66.63,29.11,1.51,1.3,16.02,62.62,99.75
2026-02-10 20:00:00,Carapungo,52.56,70.0,33.57,26.06,5.82,0.75,13.28,59.76,122.94
2026-02-10 21:00:00,Tumbaco,30.77,38.54,26.45,37.04,4.45,0.48,14.84,77.58,85.22
2026-02-10 22:00:00,Tumbaco,17.73,50.4,22.15,30.95,5.23,0.25,20.98,52.18,70.03
2026-02-10 23:00:00,Cotocollao,17.79,41.38,25.5,37.17,5.92,0.95,18.76,69.14,68.98
2026-02-11 00:00:00,Carapungo,26.7,21.91,23.93,26.49,4.62,0.34,17.61,60.39,51.18
2026-02-11 01:00:00,Carapungo,42.9,70.58,25.02,34.56,4.79,0.61,16.47,55.85,123.46
2026-02-11 02:00:00,Los Chillos,16.83,35.47,41.4,39.45,4.57,0.78,19.46,96.03,78.46
2026-02-11 03:00:00,Tumbaco,12.49,21.72,20.0,37.18,6.94,0.68,15.45,70.03,48.82
2026-02-11 04:00:00,Carapungo,23.58,46.33,40.63,20.36,5.84,0.59,18.92,72.36,90.26
2026-02-11 05:00:00,Cotocollao,15.81,46.46,20.54,26.22,5.44,0.26,15.81,78.65,71.55
2026-02-11 06:00:00,Cotocollao,25.28,39.52,20.64,25.58,2.46,0.44,15.31,47.94,49.09
2026-02-11 07:00:00,Carapungo,68.24,23.24,65.63,31.42,4.24,0.96,16.09,86.03,162.03
2026-02-11 08:00:00,Tumbaco,29.5,70.15,17.04,32.8,6.8,0.66,16.87,34.89,78.18
2026-02-11 09:00:00,Cotocollao,32.97,105.8,35.77,22.13,5.08,0.96,17.85,55.77,121.86
2026-02-11 10:00:00,Los Chillos,19.67,54.77,25.27,28.47,6.32,0.74,18.71,59.49,75.9
2026-02-11 11:00:00,Cotocollao,10.44,30.73,28.48,13.86,8.53,0.79,6.93,71.98,57.36
2026-02-11 12:00:00,Centro,40.69,58.77,32.99,38.09,7.08,0.35,15.58,67.62,105.7
2026-02-11 13:00:00,Centro,29.93,62.86,39.43,24.41,5.19,1.04,16.83,63.0,86.99
2026-02-11 14:00:00,Tumbaco,16.44,43.19,24.43,28.39,3.98,0.75,22.52,64.86,62.32
2026-02-11 15:00:00,Carapungo,61.81,71.53,40.14,25.83,0.1,0.6,14.76,53.26,150.16
