datetime,station,pm25,pm10,no2,o3,so2,co,temperature,humidity,precipitation,wind_speed
2026-04-01 00:00:00,Quito,6.3,0.0,38.07,15.19,6.46,0.506,12.17,85.78,0.0,1.16
2026-04-01 01:00:00,Quito,14.77,5.62,33.65,12.43,7.11,0.493,11.89,82.97,0.0,0.69
2026-04-01 02:00:00,Quito,7.04,0.0,31.63,13.0,3.7,0.487,11.76,80.26,0.0,0.99
2026-04-01 03:00:00,Quito,16.27,27.95,28.35,12.5,3.62,0.48,11.4,84.72,0.0,0.6
2026-04-01 04:00:00,Quito,19.35,9.92,35.9,11.15,12.68,0.477,10.99,91.06,0.0,0.79
2026-04-01 05:00:00,Quito,28.31,6.81,32.32,10.36,7.95,0.482,10.67,88.71,0.0,0.46
2026-04-01 06:00:00,Quito,16.67,42.97,27.67,10.83,4.03,0.736,9.8,82.7,0.0,0.82
2026-04-01 07:00:00,Quito,12.87,66.2,34.15,17.85,7.26,0.946,12.52,78.58,0.0,0.39
2026-04-01 08:00:00,Quito,10.8,200.34,35.74,31.95,7.13,0.889,17.5,57.59,0.0,0.85
2026-04-01 09:00:00,Quito,33.19,14.53,42.08,38.03,5.76,0.939,18.19,51.72,0.0,1.24
2026-04-01 10:00:00,Quito,41.55,45.13,47.52,41.43,8.74,0.858,17.82,51.96,0.0,0.77
2026-04-01 11:00:00,Quito,26.15,52.32,48.15,52.16,11.33,0.771,19.7,47.06,0.0,1.44
2026-04-01 12:00:00,Quito,29.25,40.72,37.21,80.33,7.23,0.646,20.47,43.46,0.0,2.25
2026-04-01 13:00:00,Quito,24.59,43.97,27.92,74.81,3.8,0.635,19.88,46.67,0.0,1.02
2026-04-01 14:00:00,Quito,15.01,34.29,21.17,54.97,3.1,0.557,19.31,46.59,0.0,0.69
2026-04-01 15:00:00,Quito,12.55,44.24,24.73,46.12,3.17,0.67,18.44,47.55,0.0,2.16
2026-04-01 16:00:00,Quito,19.92,12.98,40.43,30.04,12.97,0.765,16.23,61.89,0.0,3.08
2026-04-01 17:00:00,Quito,19.81,37.34,45.53,23.38,9.38,0.896,14.99,72.27,0.0,1.75
2026-04-01 18:00:00,Quito,19.55,29.36,53.39,13.6,12.77,1.044,14.11,75.49,0.0,1.5
2026-04-01 19:00:00,Quito,16.73,34.75,32.95,29.63,5.05,0.716,12.95,84.18,0.0,1.14
2026-04-01 20:00:00,Quito,11.84,47.74,30.07,31.38,3.87,0.669,12.35,87.79,0.0,0.99
2026-04-01 21:00:00,Quito,15.4,35.87,26.72,35.88,3.34,0.603,12.06,90.35,0.0,1.0
2026-04-01 22:00:00,Quito,12.69,22.98,25.89,34.84,3.29,0.566,12.14,89.36,0.0,0.75
2026-04-01 23:00:00,Quito,13.09,11.77,22.1,34.48,2.99,0.483,11.97,89.6,0.0,0.32
2026-04-02 00:00:00,Quito,9.3,31.39,24.45,,3.02,,11.9,80.75,0.0,0.62
2026-04-02 01:00:00,Quito,14.19,17.29,27.7,,,,11.96,79.51,0.0,0.73
2026-04-02 02:00:00,Quito,8.75,8.15,,18.08,,,11.84,79.95,0.0,0.99
2026-04-02 03:00:00,Quito,13.22,3.37,,19.43,,0.482,11.71,79.38,0.0,0.76
2026-04-02 04:00:00,Quito,12.73,41.62,,15.22,2.78,0.428,11.03,77.9,0.0,0.8
2026-04-02 05:00:00,Quito,15.36,52.0,29.96,11.47,2.93,0.471,10.56,86.0,0.0,0.5
2026-04-02 06:00:00,Quito,21.53,54.73,28.49,10.77,3.13,0.711,10.66,86.35,0.0,0.7
2026-04-02 07:00:00,Quito,17.83,16.71,35.34,15.85,4.07,0.976,12.26,79.4,0.0,0.34
2026-04-02 08:00:00,Quito,38.24,30.78,40.05,19.61,5.42,1.096,12.89,78.71,0.0,1.4
2026-04-02 09:00:00,Quito,28.18,79.73,39.19,24.56,7.0,1.126,14.88,69.29,0.0,1.12
2026-04-02 10:00:00,Quito,28.7,58.01,37.48,38.73,7.68,0.845,17.5,52.73,0.0,0.99
2026-04-02 11:00:00,Quito,28.05,28.57,35.98,51.54,7.4,0.724,19.29,40.8,0.0,1.2
2026-04-02 12:00:00,Quito,27.76,29.21,41.5,63.9,7.91,0.721,19.88,39.13,0.0,1.72
2026-04-02 13:00:00,Quito,25.4,41.26,23.3,67.96,4.13,0.559,19.48,44.26,0.0,1.68
2026-04-02 14:00:00,Quito,15.79,12.57,28.64,64.72,3.6,0.672,19.55,42.38,0.0,1.39
2026-04-02 15:00:00,Quito,4.58,30.41,18.51,62.72,3.1,0.55,21.08,38.79,0.0,1.26
2026-04-02 16:00:00,Quito,26.18,26.84,27.12,43.07,3.33,0.741,20.37,47.2,0.0,1.83
2026-04-02 17:00:00,Quito,30.7,36.21,35.15,33.74,3.65,0.877,17.09,57.71,0.0,1.95
2026-04-02 18:00:00,Quito,25.06,25.8,38.56,25.18,3.42,0.92,13.95,72.98,0.0,1.47
2026-04-02 19:00:00,Quito,14.43,68.91,41.7,20.71,3.08,0.931,12.79,80.52,0.0,1.46
2026-04-02 20:00:00,Quito,9.78,50.28,34.34,28.62,3.37,0.782,12.76,77.95,0.0,1.48
2026-04-02 21:00:00,Quito,11.7,38.73,35.55,28.82,3.24,0.753,12.62,77.21,0.0,0.94
2026-04-02 22:00:00,Quito,9.66,39.02,38.65,22.99,3.56,0.779,12.8,74.79,0.0,0.63
2026-04-02 23:00:00,Quito,11.47,38.45,34.57,26.52,5.93,0.53,12.39,78.06,0.0,0.82
2026-04-03 00:00:00,Quito,24.61,44.78,47.53,11.45,25.42,0.698,12.27,80.15,0.0,0.45
2026-04-03 01:00:00,Quito,23.61,8.48,33.01,12.01,9.02,0.571,11.16,80.02,0.0,0.92
2026-04-03 02:00:00,Quito,6.72,10.23,26.58,14.77,3.77,0.494,11.11,76.77,0.0,0.83
2026-04-03 03:00:00,Quito,6.24,24.84,30.06,11.43,3.49,0.543,11.37,78.09,0.0,0.67
2026-04-03 04:00:00,Quito,18.22,29.9,32.79,10.18,4.64,0.611,11.35,79.3,0.0,0.63
2026-04-03 05:00:00,Quito,18.91,37.13,32.39,10.08,4.78,0.699,10.84,82.26,0.0,0.55
2026-04-03 06:00:00,Quito,16.8,28.52,34.94,10.82,7.74,0.977,11.16,78.87,0.0,0.9
2026-04-03 07:00:00,Quito,19.37,49.25,40.97,14.0,6.56,1.36,12.14,70.54,0.0,0.93
2026-04-03 08:00:00,Quito,22.52,61.19,46.93,20.55,6.94,1.217,14.36,62.83,0.0,0.2
2026-04-03 09:00:00,Quito,21.12,49.16,31.07,43.86,4.66,0.704,16.51,51.85,0.0,0.76
2026-04-03 10:00:00,Quito,21.34,49.86,37.45,46.55,8.5,0.761,18.1,47.59,0.0,1.07
2026-04-03 11:00:00,Quito,29.88,53.51,47.35,39.84,16.89,0.67,19.81,44.97,0.0,0.9
2026-04-03 12:00:00,Quito,26.05,28.61,27.4,70.29,7.99,0.507,20.31,40.87,0.0,0.58
2026-04-03 13:00:00,Quito,10.4,21.05,12.05,92.69,3.92,0.409,22.28,34.41,0.0,0.39
2026-04-03 14:00:00,Quito,30.07,100.15,15.05,99.47,4.18,0.462,19.73,46.05,0.0,3.26
2026-04-03 15:00:00,Quito,17.42,55.74,12.19,102.99,4.03,0.449,19.46,49.59,0.0,3.03
2026-04-03 16:00:00,Quito,14.87,5.84,13.2,96.13,4.09,0.449,20.03,45.72,0.0,2.45
2026-04-03 17:00:00,Quito,26.66,30.62,23.28,72.81,3.9,0.545,17.49,52.63,0.0,2.7
2026-04-03 18:00:00,Quito,15.34,25.22,34.19,45.59,3.54,0.683,15.88,62.74,0.0,1.91
2026-04-03 19:00:00,Quito,16.47,33.53,35.35,37.78,3.22,0.686,14.83,69.21,0.0,1.48
2026-04-03 20:00:00,Quito,19.38,48.07,32.35,29.62,3.56,0.687,13.42,81.66,0.0,1.08
2026-04-03 21:00:00,Quito,11.46,30.05,36.39,21.83,3.63,0.741,13.36,83.44,0.0,0.73
2026-04-03 22:00:00,Quito,19.28,24.43,39.58,18.08,4.12,0.81,13.3,82.07,0.0,0.91
2026-04-03 23:00:00,Quito,5.76,37.65,24.62,34.08,3.41,0.578,13.06,78.48,0.0,1.92
2026-04-04 00:00:00,Quito,20.77,22.99,13.68,,3.09,,12.04,78.38,0.0,0.68
2026-04-04 01:00:00,Quito,11.59,23.95,27.44,,,,11.84,83.27,0.0,1.16
2026-04-04 02:00:00,Quito,14.1,32.98,,26.37,,,11.65,77.98,0.0,0.31
2026-04-04 03:00:00,Quito,8.46,4.0,,24.95,,0.388,10.2,82.03,0.0,0.72
2026-04-04 04:00:00,Quito,6.62,1.56,,16.4,4.16,0.468,10.16,84.96,0.0,0.6
2026-04-04 05:00:00,Quito,11.61,43.23,33.02,10.81,5.7,0.61,10.51,85.72,0.0,1.11
2026-04-04 06:00:00,Quito,15.33,26.91,32.47,12.14,4.87,0.739,10.99,79.8,0.0,0.41
2026-04-04 07:00:00,Quito,9.02,20.49,32.1,21.22,5.39,0.904,14.29,66.91,0.0,0.65
2026-04-04 08:00:00,Quito,11.77,34.88,20.78,48.25,5.36,0.56,17.16,49.27,0.0,1.71
2026-04-04 09:00:00,Quito,8.25,15.84,12.96,60.71,7.22,0.405,18.9,41.89,0.0,0.71
2026-04-04 10:00:00,Quito,19.35,42.98,12.05,66.35,4.65,0.415,19.4,40.36,0.0,0.97
2026-04-04 11:00:00,Quito,8.97,55.86,11.55,71.02,4.42,0.41,19.69,40.37,0.0,1.48
2026-04-04 12:00:00,Quito,4.27,28.89,9.33,79.91,3.3,0.407,21.46,36.01,0.0,0.89
2026-04-04 13:00:00,Quito,10.41,27.1,14.95,85.53,3.28,0.475,21.69,35.06,0.0,2.15
2026-04-04 14:00:00,Quito,16.95,79.39,13.1,85.88,3.41,0.471,20.68,43.21,0.0,2.18
2026-04-04 15:00:00,Quito,13.07,95.96,9.74,89.21,3.26,0.438,21.25,45.99,0.0,3.54
2026-04-04 16:00:00,Quito,22.38,74.93,15.25,74.31,3.27,0.51,19.91,49.05,0.0,3.4
2026-04-04 17:00:00,Quito,16.81,32.47,21.82,61.1,3.33,0.562,17.98,54.33,0.0,2.61
2026-04-04 18:00:00,Quito,18.11,46.21,28.57,43.4,3.01,0.639,15.77,66.69,0.0,2.36
2026-04-04 19:00:00,Quito,14.48,28.84,36.49,32.1,2.97,0.778,14.94,72.06,0.0,2.4
2026-04-04 20:00:00,Quito,11.11,10.64,32.45,25.18,3.22,0.744,14.24,77.83,0.0,1.17
2026-04-04 21:00:00,Quito,10.42,38.5,32.29,21.71,3.33,0.722,14.21,79.54,0.0,0.97
2026-04-04 22:00:00,Quito,16.11,24.96,27.53,19.86,2.9,0.692,12.92,90.43,0.0,0.83
2026-04-04 23:00:00,Quito,5.69,1.8,31.54,16.44,3.04,0.764,12.94,88.92,0.0,0.4
2026-04-05 00:00:00,Quito,14.87,0.01,27.03,17.62,2.6,0.61,12.32,88.81,0.0,0.62
2026-04-05 01:00:00,Quito,13.04,29.15,25.46,17.77,2.53,0.569,12.39,87.86,0.0,0.44
2026-04-05 02:00:00,Quito,7.88,12.15,21.66,18.99,2.54,0.526,11.73,89.77,0.0,0.41
2026-04-05 03:00:00,Quito,10.19,4.42,23.36,18.12,2.48,0.528,11.94,87.99,0.0,1.13
2026-04-05 04:00:00,Quito,8.69,29.17,15.6,26.6,2.43,0.448,11.85,85.76,0.0,0.73
2026-04-05 05:00:00,Quito,10.0,19.57,18.18,20.47,2.76,0.458,11.66,87.85,0.0,0.62
2026-04-05 06:00:00,Quito,15.94,19.37,21.3,18.58,3.44,0.622,11.76,90.83,0.0,0.99
2026-04-05 07:00:00,Quito,16.9,29.3,23.08,20.45,8.59,0.52,13.21,82.68,0.0,0.78
2026-04-05 08:00:00,Quito,10.83,40.92,22.89,25.2,13.3,0.594,16.68,66.47,0.0,0.97
2026-04-05 09:00:00,Quito,25.03,21.02,24.0,27.98,15.15,0.622,17.36,62.8,0.0,1.51
2026-04-05 10:00:00,Quito,18.03,25.82,25.68,33.93,16.18,0.573,18.7,57.45,0.0,1.25
2026-04-05 11:00:00,Quito,10.62,40.64,18.7,51.23,9.37,0.462,21.4,42.63,0.0,0.85
2026-04-05 12:00:00,Quito,13.16,70.91,20.08,63.31,6.93,0.56,21.56,45.26,0.0,1.15
2026-04-05 13:00:00,Quito,16.64,40.27,11.94,81.39,3.85,0.487,20.52,51.51,0.0,3.64
2026-04-05 14:00:00,Quito,15.75,31.7,14.3,68.43,3.56,0.505,18.31,56.92,0.0,1.81
2026-04-05 15:00:00,Quito,32.95,10.93,31.51,39.48,3.33,0.748,14.11,79.09,0.1,2.32
2026-04-05 16:00:00,Quito,11.86,45.72,41.89,29.68,3.29,0.854,13.4,84.51,1.3,1.54
2026-04-05 17:00:00,Quito,12.65,18.22,37.77,30.14,3.09,0.762,13.1,86.38,0.2,1.3
2026-04-05 18:00:00,Quito,5.37,12.21,35.22,27.78,2.87,0.744,12.82,88.91,0.0,0.91
2026-04-05 19:00:00,Quito,8.22,21.63,41.69,20.74,3.08,0.837,12.78,89.67,0.0,1.42
2026-04-05 20:00:00,Quito,10.09,26.64,46.25,14.6,3.52,0.991,12.49,90.64,0.0,0.57
2026-04-05 21:00:00,Quito,11.98,15.74,40.34,12.35,4.85,0.994,12.14,91.16,0.0,0.33
2026-04-05 22:00:00,Quito,22.49,55.07,42.01,12.13,6.74,0.869,11.76,93.85,0.0,0.29
2026-04-05 23:00:00,Quito,14.16,39.26,33.69,12.01,4.96,1.037,11.48,92.47,0.0,0.17
2026-04-06 00:00:00,Quito,30.72,37.1,43.24,,5.62,,11.33,94.35,0.0,0.74
2026-04-06 01:00:00,Quito,24.21,18.39,37.38,,,,11.06,94.66,0.0,0.57
2026-04-06 02:00:00,Quito,22.87,18.83,,11.64,,,11.1,87.71,0.0,1.24
2026-04-06 03:00:00,Quito,8.05,16.4,,13.97,,0.524,10.93,82.92,0.0,0.1
2026-04-06 04:00:00,Quito,11.39,16.85,,9.67,2.91,0.526,10.05,88.15,0.0,0.73
2026-04-06 05:00:00,Quito,12.18,22.5,30.1,10.34,2.94,0.588,10.34,90.68,0.0,1.32
2026-04-06 06:00:00,Quito,21.44,52.91,30.04,11.69,4.4,1.329,10.95,87.56,0.0,0.82
2026-04-06 07:00:00,Quito,32.37,62.26,43.3,16.57,6.33,2.033,14.94,68.83,0.0,2.28
2026-04-06 08:00:00,Quito,37.83,45.61,38.88,20.6,7.65,1.543,16.37,65.66,0.0,1.69
2026-04-06 09:00:00,Quito,29.68,34.32,39.05,24.39,12.61,1.107,17.51,60.71,0.0,1.55
2026-04-06 10:00:00,Quito,21.95,,38.38,34.66,12.16,0.872,18.97,50.64,0.0,1.42
2026-04-06 11:00:00,Quito,23.55,,35.27,41.16,9.5,0.718,19.88,49.78,0.0,1.6
2026-04-06 12:00:00,Quito,11.06,,25.35,,4.94,0.606,21.47,44.25,0.0,1.24
2026-04-06 13:00:00,Quito,21.56,,27.6,,4.27,0.654,20.94,45.49,0.0,1.53
2026-04-06 14:00:00,Quito,12.25,129.85,16.4,,3.69,0.502,20.31,48.86,0.0,2.29
2026-04-06 15:00:00,Quito,8.06,85.48,18.5,76.28,3.13,0.602,21.32,49.04,0.0,3.43
2026-04-06 16:00:00,Quito,22.01,48.37,23.92,64.6,3.86,0.642,19.11,54.09,0.0,2.92
2026-04-06 17:00:00,Quito,18.43,18.52,36.93,40.81,3.89,0.9,17.46,61.0,0.0,1.65
2026-04-06 18:00:00,Quito,24.01,30.23,41.64,29.64,3.06,0.914,15.6,71.45,0.0,2.01
2026-04-06 19:00:00,Quito,9.58,0.0,37.41,28.69,3.21,0.79,15.19,73.49,0.0,1.38
2026-04-06 20:00:00,Quito,16.92,57.29,34.83,24.42,4.7,0.794,14.68,77.47,0.0,1.37
2026-04-06 21:00:00,Quito,19.68,37.89,38.46,14.61,3.27,0.804,13.24,90.3,0.0,1.08
2026-04-06 22:00:00,Quito,12.87,55.14,29.73,21.51,2.94,0.628,13.09,91.71,0.0,0.99
2026-04-06 23:00:00,Quito,14.45,28.3,23.02,24.6,2.46,0.522,13.12,90.95,0.0,1.09
2026-04-07 00:00:00,Quito,16.03,5.22,20.32,27.41,2.49,0.479,12.76,92.32,0.0,1.12
2026-04-07 01:00:00,Quito,24.69,9.72,16.8,30.64,2.62,0.41,12.52,91.41,0.0,0.82
2026-04-07 02:00:00,Quito,11.73,27.52,17.11,16.22,2.81,0.404,11.98,88.14,0.0,0.53
2026-04-07 03:00:00,Quito,6.98,6.29,21.21,20.16,3.08,0.411,12.02,92.02,0.0,0.99
2026-04-07 04:00:00,Quito,18.17,2.87,23.78,10.74,3.22,0.421,11.73,92.42,0.0,0.43
2026-04-07 05:00:00,Quito,10.1,47.87,21.9,5.95,2.91,0.533,11.19,89.51,0.0,0.68
2026-04-07 06:00:00,Quito,20.97,28.41,29.7,9.14,3.98,0.929,11.93,91.25,0.0,0.69
2026-04-07 07:00:00,Quito,16.85,36.56,30.66,15.76,5.06,1.137,16.14,71.99,0.0,1.62
2026-04-07 08:00:00,Quito,37.12,34.1,29.29,18.89,6.17,1.141,16.66,68.56,0.0,1.9
2026-04-07 09:00:00,Quito,23.47,48.56,34.99,22.43,16.91,0.902,18.19,60.51,0.0,1.37
2026-04-07 10:00:00,Quito,25.64,41.7,37.19,31.88,19.72,0.739,19.66,52.21,0.0,1.11
2026-04-07 11:00:00,Quito,27.01,32.71,26.51,59.2,5.36,0.63,19.94,48.4,0.0,1.24
2026-04-07 12:00:00,Quito,9.23,25.81,21.32,78.05,3.89,0.555,20.95,44.57,0.0,0.88
2026-04-07 13:00:00,Quito,11.33,60.84,18.37,76.0,3.63,0.553,21.4,42.89,0.0,1.88
2026-04-07 14:00:00,Quito,17.76,82.79,16.64,72.97,3.3,0.542,20.71,50.46,0.0,3.76
2026-04-07 15:00:00,Quito,12.3,70.63,16.22,66.79,3.65,0.529,20.51,50.0,0.0,3.63
2026-04-07 16:00:00,Quito,14.13,20.82,21.36,58.99,3.31,0.621,19.93,51.11,0.0,2.76
2026-04-07 17:00:00,Quito,23.69,19.23,34.61,34.33,3.64,0.883,17.14,64.78,0.0,1.22
2026-04-07 18:00:00,Quito,21.47,5.51,36.13,22.03,3.36,0.928,15.57,73.55,0.0,1.04
2026-04-07 19:00:00,Quito,15.48,22.06,41.51,9.89,3.24,1.085,14.12,84.71,0.0,0.68
2026-04-07 20:00:00,Quito,11.31,36.93,41.47,8.92,3.59,1.139,13.69,86.13,0.0,1.07
2026-04-07 21:00:00,Quito,16.16,38.45,39.4,8.18,3.0,1.107,13.08,89.33,0.0,0.58
2026-04-07 22:00:00,Quito,11.03,23.64,38.63,8.27,3.14,0.936,12.59,92.69,0.0,1.21
2026-04-07 23:00:00,Quito,15.28,30.94,38.84,8.25,8.05,1.044,13.13,90.15,0.0,0.65
2026-04-08 00:00:00,Quito,24.1,43.27,37.05,,10.28,,12.94,89.55,0.0,0.12
2026-04-08 01:00:00,Quito,22.33,49.36,30.57,,,,12.61,89.07,0.0,0.59
2026-04-08 02:00:00,Quito,15.25,24.09,,6.0,,,12.62,85.29,0.0,0.64
2026-04-08 03:00:00,Quito,6.64,18.14,,7.29,,0.54,12.8,81.46,0.0,0.35
2026-04-08 04:00:00,Quito,11.08,0.1,,9.2,3.67,0.49,12.5,85.86,0.0,0.97
2026-04-08 05:00:00,Quito,13.03,37.94,28.05,10.3,4.03,0.561,12.28,85.22,0.0,1.33
2026-04-08 06:00:00,Quito,16.32,18.28,29.34,6.94,3.81,0.896,12.06,84.35,0.0,0.48
2026-04-08 07:00:00,Quito,17.32,82.69,39.6,10.58,4.71,1.425,14.05,74.29,0.0,0.42
2026-04-08 08:00:00,Quito,11.72,47.7,33.01,23.2,5.01,1.099,16.99,56.66,0.0,1.41
2026-04-08 09:00:00,Quito,17.56,50.55,26.57,29.5,7.3,0.711,17.96,49.95,0.0,1.84
2026-04-08 10:00:00,Quito,16.51,40.32,23.33,34.92,7.8,0.677,19.35,45.52,0.0,1.95
2026-04-08 11:00:00,Quito,10.84,15.66,15.19,44.7,3.28,0.581,20.42,39.26,0.0,2.24
2026-04-08 12:00:00,Quito,7.6,59.05,13.95,49.96,3.2,0.55,20.89,38.71,0.0,2.16
2026-04-08 13:00:00,Quito,6.56,44.06,14.92,54.79,3.15,0.561,20.82,38.79,0.0,2.13
2026-04-08 14:00:00,Quito,10.68,22.83,17.68,55.8,3.15,0.586,20.65,46.89,0.0,2.57
2026-04-08 15:00:00,Quito,15.59,20.38,16.06,54.88,2.81,0.552,19.89,50.82,0.0,2.91
2026-04-08 16:00:00,Quito,18.14,43.34,19.19,49.88,3.33,0.575,18.54,56.52,0.0,2.77
2026-04-08 17:00:00,Quito,13.63,29.02,27.47,35.94,3.16,0.782,16.93,62.67,0.0,2.4
2026-04-08 18:00:00,Quito,18.2,19.37,39.1,17.29,3.27,0.975,15.44,71.6,0.0,1.26
2026-04-08 19:00:00,Quito,21.33,42.05,41.2,9.86,3.56,1.118,14.18,81.57,0.0,1.25
2026-04-08 20:00:00,Quito,18.38,34.29,36.77,10.45,3.58,0.944,13.93,82.35,0.0,0.61
2026-04-08 21:00:00,Quito,7.06,51.06,36.01,8.34,3.4,0.861,14.25,76.88,0.0,0.55
2026-04-08 22:00:00,Quito,20.93,39.47,36.01,7.47,3.96,0.895,13.56,84.13,0.0,0.48
2026-04-08 23:00:00,Quito,16.08,40.7,29.82,8.11,3.45,0.692,13.43,82.72,0.0,0.36
2026-04-09 00:00:00,Quito,15.41,24.77,31.74,7.39,4.06,0.765,13.62,82.66,0.1,1.17
2026-04-09 01:00:00,Quito,18.27,13.44,25.22,12.15,3.98,0.583,13.44,80.04,0.0,1.5
2026-04-09 02:00:00,Quito,3.89,53.31,20.29,15.4,3.61,0.433,13.35,70.89,0.0,1.77
2026-04-09 03:00:00,Quito,5.23,37.99,13.33,17.56,3.31,0.363,12.81,70.77,0.0,0.83
2026-04-09 04:00:00,Quito,4.08,8.31,21.03,5.31,3.01,0.421,11.51,79.43,0.0,0.72
2026-04-09 05:00:00,Quito,10.54,10.96,25.23,5.43,4.2,0.597,11.74,82.81,0.0,0.51
2026-04-09 06:00:00,Quito,17.48,25.6,27.46,8.37,4.95,0.917,12.44,76.95,0.0,1.3
2026-04-09 07:00:00,Quito,5.58,78.57,20.84,18.55,2.91,0.723,14.64,59.94,0.0,2.8
2026-04-09 08:00:00,Quito,1.86,37.4,16.52,26.17,3.13,0.666,17.35,49.08,0.0,2.07
2026-04-09 09:00:00,Quito,13.72,60.56,20.7,29.4,3.38,0.682,18.34,46.57,0.0,1.81
2026-04-09 10:00:00,Quito,7.97,55.31,20.95,29.46,6.92,0.633,20.05,43.27,0.0,1.22
2026-04-09 11:00:00,Quito,15.81,59.36,22.87,33.57,7.92,0.678,20.84,42.21,0.0,1.46
2026-04-09 12:00:00,Quito,7.95,25.42,14.61,37.05,4.2,0.603,21.57,37.58,0.0,2.7
2026-04-09 13:00:00,Quito,10.52,27.94,14.48,30.86,2.93,0.655,20.4,39.97,0.0,2.64
2026-04-09 14:00:00,Quito,17.51,72.68,15.81,26.24,3.08,0.625,17.9,44.24,0.0,3.01
2026-04-09 15:00:00,Quito,1.45,9.6,15.46,28.44,2.79,0.628,18.42,43.05,0.0,1.86
2026-04-09 16:00:00,Quito,8.48,64.88,16.84,26.79,2.81,0.625,17.59,43.94,0.0,2.77
2026-04-09 17:00:00,Quito,9.34,72.15,22.85,20.75,3.19,0.786,16.77,46.23,0.0,2.03
2026-04-09 18:00:00,Quito,9.72,51.37,30.0,9.47,3.28,0.908,15.84,50.32,0.0,0.6
2026-04-09 19:00:00,Quito,7.85,61.64,30.27,10.44,3.61,0.82,15.18,55.24,0.0,2.67
2026-04-09 20:00:00,Quito,7.64,27.36,28.05,11.37,3.16,0.676,14.65,57.69,0.0,2.08
2026-04-09 21:00:00,Quito,3.73,25.37,21.46,17.76,3.45,0.582,14.33,57.86,0.0,2.38
2026-04-09 22:00:00,Quito,7.17,29.81,29.36,10.81,4.43,0.716,14.12,58.4,0.0,1.96
2026-04-09 23:00:00,Quito,6.6,27.92,30.09,6.0,4.22,0.722,13.08,64.94,0.0,0.3
2026-04-10 00:00:00,Quito,16.61,36.22,27.86,,3.68,,12.17,70.77,0.0,0.94
2026-04-10 01:00:00,Quito,5.5,52.97,28.16,,,,11.92,70.21,0.0,0.46
2026-04-10 02:00:00,Quito,5.73,7.58,,3.73,,,10.82,76.39,0.0,0.71
2026-04-10 03:00:00,Quito,4.65,17.62,,6.23,,0.585,10.89,77.71,0.0,0.57
2026-04-10 04:00:00,Quito,1.96,17.51,,28.86,2.86,0.347,12.52,62.2,0.0,1.78
2026-04-10 05:00:00,Quito,2.59,37.39,21.47,15.05,3.37,0.493,12.8,60.54,0.0,0.97
2026-04-10 06:00:00,Quito,14.97,56.29,37.82,5.64,4.88,1.19,11.57,71.56,0.0,0.3
2026-04-10 07:00:00,Quito,20.65,121.41,41.08,11.23,7.57,1.799,15.06,57.22,0.0,0.68
2026-04-10 08:00:00,Quito,6.85,31.18,21.57,30.4,4.06,0.708,18.94,41.2,0.0,1.93
2026-04-10 09:00:00,Quito,14.58,27.74,22.36,31.83,5.99,0.656,19.68,39.63,0.0,1.34
2026-04-10 10:00:00,Quito,21.43,69.92,21.94,33.6,6.28,0.635,18.87,42.83,0.0,2.06
2026-04-10 11:00:00,Quito,7.5,65.84,15.77,40.53,3.45,0.599,20.05,39.59,0.0,2.93
2026-04-10 12:00:00,Quito,4.37,24.47,12.3,39.7,3.31,0.576,20.66,37.59,0.0,2.74
2026-04-10 13:00:00,Quito,11.31,90.84,12.86,39.91,2.59,0.586,20.62,38.24,0.0,2.43
2026-04-10 14:00:00,Quito,13.1,44.07,20.16,43.57,3.26,0.629,20.1,44.56,0.0,1.61
2026-04-10 15:00:00,Quito,18.63,60.91,21.35,53.39,3.71,0.619,18.64,56.09,0.0,2.98
2026-04-10 16:00:00,Quito,5.74,26.78,17.44,55.63,3.33,0.57,20.64,47.84,0.0,1.97
2026-04-10 17:00:00,Quito,24.09,30.86,24.55,41.13,3.44,0.663,17.3,60.23,0.0,2.67
2026-04-10 18:00:00,Quito,15.05,58.35,35.88,19.95,3.33,1.012,15.85,64.41,0.0,2.5
2026-04-10 19:00:00,Quito,10.3,33.04,31.65,16.05,3.25,0.847,15.25,67.65,0.0,1.79
2026-04-10 20:00:00,Quito,9.69,35.64,33.69,12.29,3.11,0.879,14.53,75.08,0.0,0.9
2026-04-10 21:00:00,Quito,20.36,18.53,40.07,8.08,3.71,1.067,13.79,84.05,0.0,0.77
2026-04-10 22:00:00,Quito,21.78,14.39,37.71,9.9,3.94,0.904,13.09,88.89,0.0,1.29
2026-04-10 23:00:00,Quito,11.49,30.67,33.12,11.46,2.87,0.751,12.98,88.81,0.0,0.43
2026-04-11 00:00:00,Quito,5.43,26.82,30.41,9.5,3.06,0.668,12.79,87.77,0.0,0.44
2026-04-11 01:00:00,Quito,9.66,9.83,26.75,8.81,3.93,0.659,12.92,81.26,0.0,0.28
2026-04-11 02:00:00,Quito,13.61,53.06,30.01,7.18,3.55,0.686,12.05,90.16,0.0,1.08
2026-04-11 03:00:00,Quito,12.79,17.0,18.76,7.29,3.03,0.554,11.34,85.19,0.0,0.76
2026-04-11 04:00:00,Quito,4.83,20.93,18.56,5.72,3.01,0.516,10.87,85.24,0.0,0.62
2026-04-11 05:00:00,Quito,10.19,27.37,25.51,6.27,4.34,0.623,10.94,90.39,0.0,0.47
2026-04-11 06:00:00,Quito,19.92,68.74,26.41,7.96,5.12,0.835,11.93,86.65,0.0,1.67
2026-04-11 07:00:00,Quito,2.7,29.89,19.8,21.07,4.46,0.748,17.29,52.16,0.0,2.38
2026-04-11 08:00:00,Quito,8.45,32.42,23.07,25.73,4.54,0.864,18.93,46.46,0.0,2.38
2026-04-11 09:00:00,Quito,16.45,52.6,14.69,35.83,4.21,0.588,19.29,42.85,0.0,1.69
2026-04-11 10:00:00,Quito,9.83,18.03,13.14,41.09,4.06,0.532,19.59,42.82,0.0,1.36
2026-04-11 11:00:00,Quito,5.91,41.05,11.92,42.02,3.51,0.565,20.7,38.03,0.0,2.01
2026-04-11 12:00:00,Quito,11.46,47.97,11.67,44.84,3.28,0.531,21.01,36.89,0.0,2.21
2026-04-11 13:00:00,Quito,4.25,41.31,10.02,48.56,3.31,0.521,22.02,34.83,0.0,2.0
2026-04-11 14:00:00,Quito,11.5,81.59,9.74,40.54,2.67,0.492,21.12,37.07,0.0,2.67
2026-04-11 15:00:00,Quito,13.17,63.75,11.2,32.44,3.06,0.534,19.37,42.39,0.0,2.7
2026-04-11 16:00:00,Quito,10.02,8.26,16.28,43.53,2.97,0.563,18.58,53.39,0.0,1.41
2026-04-11 17:00:00,Quito,8.46,21.11,19.15,39.46,2.95,0.582,18.0,57.82,0.0,2.16
2026-04-11 18:00:00,Quito,18.01,26.42,29.52,21.64,3.06,0.711,16.15,67.18,0.0,2.14
2026-04-11 19:00:00,Quito,7.46,45.05,31.0,14.59,2.99,0.803,15.49,66.32,0.0,2.0
2026-04-11 20:00:00,Quito,9.99,37.88,30.78,11.46,3.06,0.882,14.98,65.72,0.0,2.08
2026-04-11 21:00:00,Quito,10.43,26.45,26.62,13.21,3.74,0.757,14.24,67.88,0.0,2.21
2026-04-11 22:00:00,Quito,7.57,27.71,21.69,10.26,2.73,0.583,13.09,71.54,0.0,0.83
2026-04-11 23:00:00,Quito,8.11,26.43,26.14,6.46,3.27,0.869,12.19,78.23,0.0,0.62
2026-04-12 00:00:00,Quito,7.54,32.66,23.75,,3.1,,11.63,79.68,0.0,0.95
2026-04-12 01:00:00,Quito,5.46,14.87,21.11,,,,11.12,78.89,0.0,0.82
2026-04-12 02:00:00,Quito,8.98,9.38,,5.04,,,10.95,79.06,0.0,0.53
2026-04-12 03:00:00,Quito,13.08,34.63,,4.41,,0.712,10.35,85.84,0.0,0.42
2026-04-12 04:00:00,Quito,11.25,19.78,,4.2,3.08,0.631,9.72,86.18,0.0,0.93
2026-04-12 05:00:00,Quito,3.8,11.14,19.68,5.43,3.53,0.536,9.71,82.67,0.0,0.6
2026-04-12 06:00:00,Quito,3.85,52.85,18.4,6.71,3.27,0.57,10.76,78.07,0.0,0.59
2026-04-12 07:00:00,Quito,4.56,44.37,26.68,15.08,5.05,1.053,15.65,60.58,0.0,1.6
2026-04-12 08:00:00,Quito,21.1,39.11,31.86,23.51,8.1,0.983,17.42,54.24,0.0,1.81
2026-04-12 09:00:00,Quito,20.9,29.49,29.58,27.26,12.51,0.773,18.83,49.23,0.0,1.42
2026-04-12 10:00:00,Quito,11.84,27.78,21.32,40.97,10.17,0.502,19.96,43.2,0.0,1.12
2026-04-12 11:00:00,Quito,15.21,28.97,16.85,57.26,6.3,0.477,20.69,42.0,0.0,1.57
2026-04-12 12:00:00,Quito,11.98,25.97,13.43,65.29,3.63,0.575,20.89,39.6,0.0,2.0
2026-04-12 13:00:00,Quito,8.4,26.24,9.9,60.95,2.99,0.474,21.63,36.54,0.0,1.48
2026-04-12 14:00:00,Quito,10.24,54.14,7.24,59.17,2.63,0.439,21.91,33.27,0.0,1.33
2026-04-12 15:00:00,Quito,8.61,90.79,9.39,70.89,2.89,0.456,22.54,39.37,0.0,1.96
2026-04-12 16:00:00,Quito,22.9,85.24,6.64,60.27,3.51,0.427,20.96,47.86,0.0,3.74
2026-04-12 17:00:00,Quito,17.42,22.58,5.8,52.37,2.98,0.401,18.93,50.04,0.0,2.95
2026-04-12 18:00:00,Quito,11.15,49.57,16.85,34.48,3.24,0.562,17.08,56.04,0.0,2.37
2026-04-12 19:00:00,Quito,9.37,31.3,28.53,23.98,4.89,0.715,16.12,63.49,0.0,2.19
2026-04-12 20:00:00,Quito,7.68,38.07,21.1,27.03,4.05,0.625,15.22,68.87,0.0,2.29
2026-04-12 21:00:00,Quito,9.77,12.18,24.5,20.36,4.06,0.656,14.52,72.45,0.0,1.78
2026-04-12 22:00:00,Quito,4.3,3.37,24.01,17.66,3.81,0.635,13.93,75.84,0.0,0.35
2026-04-12 23:00:00,Quito,10.65,41.02,26.09,11.59,3.1,0.625,13.15,81.64,0.0,0.41
2026-04-13 00:00:00,Quito,5.32,17.15,17.5,20.25,3.04,0.485,12.88,83.35,0.0,0.25
2026-04-13 01:00:00,Quito,9.48,11.31,14.63,24.93,2.44,0.455,12.37,89.13,0.0,1.04
2026-04-13 02:00:00,Quito,9.2,18.34,11.38,25.71,2.81,0.413,12.56,87.49,0.0,0.71
2026-04-13 03:00:00,Quito,8.93,9.2,13.26,22.27,3.07,0.417,12.53,85.92,0.0,0.99
2026-04-13 04:00:00,Quito,7.01,23.61,13.51,22.29,3.08,0.406,12.62,83.72,0.0,0.95
2026-04-13 05:00:00,Quito,11.77,20.69,20.31,13.63,3.25,0.476,12.61,82.01,0.0,1.58
2026-04-13 06:00:00,Quito,6.64,38.9,21.63,13.55,3.55,0.592,13.28,74.41,0.0,1.15
2026-04-13 07:00:00,Quito,10.36,4.56,23.01,17.02,4.45,0.768,15.35,66.27,0.0,0.67
2026-04-13 08:00:00,Quito,8.79,13.02,30.18,23.32,4.54,1.11,19.06,55.49,0.0,0.81
2026-04-13 09:00:00,Quito,22.3,26.08,22.12,38.22,5.05,0.681,19.23,49.32,0.0,1.2
2026-04-13 10:00:00,Quito,10.59,45.9,22.13,42.59,6.48,0.607,20.27,43.62,0.0,1.46
2026-04-13 11:00:00,Quito,12.38,5.89,15.74,57.17,3.17,0.56,20.79,38.07,0.0,2.11
2026-04-13 12:00:00,Quito,8.61,77.11,14.42,56.83,3.02,0.536,20.78,37.61,0.0,0.72
2026-04-13 13:00:00,Quito,14.27,81.61,14.35,68.44,3.41,0.498,20.68,46.11,0.0,3.7
2026-04-13 14:00:00,Quito,9.76,89.18,12.31,65.66,3.73,0.507,21.54,43.54,0.0,4.08
2026-04-13 15:00:00,Quito,26.99,50.89,18.41,54.75,3.16,0.6,19.19,49.85,0.0,1.16
2026-04-13 16:00:00,Quito,19.88,94.13,35.15,33.51,2.96,0.812,16.01,63.26,3.2,2.16
2026-04-13 17:00:00,Quito,12.27,21.49,44.55,17.62,2.72,0.841,13.55,85.64,2.3,1.04
2026-04-13 18:00:00,Quito,5.18,15.21,44.74,11.24,2.85,1.169,13.55,85.32,0.0,0.31
2026-04-13 19:00:00,Quito,10.91,16.02,51.57,8.1,7.14,1.203,13.27,85.87,0.1,0.92
2026-04-13 20:00:00,Quito,14.89,4.55,47.37,7.54,10.35,0.922,13.37,86.55,0.0,0.67
2026-04-13 21:00:00,Quito,15.71,8.56,41.24,7.71,5.78,0.97,12.93,89.02,0.0,0.1
2026-04-13 22:00:00,Quito,26.5,15.59,43.74,8.25,3.98,0.822,12.42,93.81,0.0,0.83
2026-04-13 23:00:00,Quito,20.25,18.59,41.53,9.87,3.31,0.673,12.22,94.87,0.0,1.37
2026-04-14 00:00:00,Quito,13.82,15.21,10.65,,3.34,,12.4,88.26,0.2,0.66
2026-04-14 01:00:00,Quito,2.59,0.0,8.65,,,,12.33,86.47,0.0,0.47
2026-04-14 02:00:00,Quito,0.95,68.33,,40.23,,,11.82,86.94,0.0,0.99
2026-04-14 03:00:00,Quito,6.75,18.63,,36.18,,0.349,11.59,91.04,0.0,1.13
2026-04-14 04:00:00,Quito,1.39,0.0,,35.37,2.57,0.356,11.19,94.59,0.0,1.42
2026-04-14 05:00:00,Quito,2.67,8.42,16.18,26.95,2.94,0.468,11.24,94.69,0.0,1.48
2026-04-14 06:00:00,Quito,11.48,22.93,39.12,7.94,6.27,1.165,12.54,87.84,0.0,1.73
2026-04-14 07:00:00,Quito,21.24,45.88,34.2,18.93,5.71,1.166,15.46,70.69,0.0,2.04
2026-04-14 08:00:00,Quito,15.19,26.2,29.61,30.79,5.92,0.943,17.54,57.71,0.0,2.02
2026-04-14 09:00:00,Quito,12.67,9.53,33.18,33.7,6.75,0.91,18.22,55.45,0.0,1.93
2026-04-14 10:00:00,Quito,15.84,12.3,31.02,45.43,8.2,0.727,19.72,49.2,0.0,1.08
2026-04-14 11:00:00,Quito,17.23,9.52,36.65,54.6,7.67,0.781,20.78,46.7,0.0,1.41
2026-04-14 12:00:00,Quito,25.24,61.57,35.2,77.16,5.71,0.766,21.15,50.49,0.0,2.01
2026-04-14 13:00:00,Quito,22.79,46.1,27.44,91.4,4.08,0.75,20.38,56.31,0.0,3.2
2026-04-14 14:00:00,Quito,34.85,33.44,27.81,75.21,6.54,0.684,17.53,62.88,0.0,2.44
2026-04-14 15:00:00,Quito,13.54,29.46,40.62,40.93,4.2,0.953,15.45,65.52,0.0,1.92
2026-04-14 16:00:00,Quito,10.38,10.3,49.62,25.17,4.02,1.006,14.6,65.74,0.0,3.03
2026-04-14 17:00:00,Quito,12.2,37.05,50.34,20.82,3.59,1.086,14.92,63.69,0.0,1.47
2026-04-14 18:00:00,Quito,13.02,41.19,59.21,7.53,5.28,1.446,14.27,70.73,0.0,1.3
2026-04-14 19:00:00,Quito,23.91,44.92,54.79,6.64,4.48,1.167,13.5,78.49,0.0,0.97
2026-04-14 20:00:00,Quito,15.39,45.75,50.56,10.36,6.36,0.852,12.91,81.5,0.0,0.99
2026-04-14 21:00:00,Quito,4.45,14.27,48.74,13.87,5.03,0.754,13.57,75.94,0.0,0.49
2026-04-14 22:00:00,Quito,16.15,0.0,48.37,10.33,5.08,0.79,12.41,87.22,3.3,0.52
2026-04-14 23:00:00,Quito,16.6,26.11,51.58,7.02,8.62,0.879,12.3,90.36,0.0,0.76
2026-04-15 00:00:00,Quito,15.58,30.73,49.1,8.65,7.56,0.752,12.28,88.5,0.0,0.79
2026-04-15 01:00:00,Quito,11.37,25.16,39.95,11.54,4.87,0.542,11.85,90.87,0.0,0.24
2026-04-15 02:00:00,Quito,10.81,8.68,30.9,17.43,3.72,0.517,12.29,89.14,0.0,0.29
2026-04-15 03:00:00,Quito,10.93,11.95,31.07,19.61,4.89,0.477,12.16,87.68,0.0,0.48
2026-04-15 04:00:00,Quito,12.12,13.12,21.67,21.47,3.99,0.447,12.18,87.21,0.0,0.33
2026-04-15 05:00:00,Quito,11.42,15.73,40.9,8.78,16.47,0.513,11.9,86.68,0.6,0.56
2026-04-15 06:00:00,Quito,20.46,8.01,50.78,6.93,30.45,0.895,11.55,89.81,0.0,0.97
2026-04-15 07:00:00,Quito,28.19,14.57,46.17,10.69,22.74,1.124,12.84,86.39,0.0,0.5
2026-04-15 08:00:00,Quito,20.71,22.19,46.46,16.45,13.84,1.114,15.73,71.3,0.0,0.9
2026-04-15 09:00:00,Quito,26.94,55.93,43.64,26.13,9.55,0.994,16.48,66.39,0.0,0.36
2026-04-15 10:00:00,Quito,22.11,54.27,48.99,29.36,8.83,1.105,18.73,61.79,0.0,1.14
2026-04-15 11:00:00,Quito,38.9,26.71,43.41,59.13,5.93,0.837,19.06,59.86,0.0,1.84
2026-04-15 12:00:00,Quito,27.59,16.0,28.84,74.22,4.41,0.676,19.28,55.4,0.0,2.08
2026-04-15 13:00:00,Quito,11.38,36.58,28.28,75.97,3.62,0.729,18.92,54.56,0.0,2.11
2026-04-15 14:00:00,Quito,24.26,5.28,34.55,55.59,3.27,0.818,16.74,69.07,0.6,2.15
2026-04-15 15:00:00,Quito,12.49,5.39,41.92,49.41,3.71,0.97,16.96,70.17,0.0,1.37
2026-04-15 16:00:00,Quito,13.6,2.27,46.41,34.74,3.66,1.024,16.26,67.8,0.1,1.62
2026-04-15 17:00:00,Quito,10.53,30.21,49.26,24.42,3.88,1.104,14.96,74.07,0.0,1.7
2026-04-15 18:00:00,Quito,17.7,42.52,42.15,22.66,3.04,1.028,13.33,87.44,0.0,1.78
2026-04-15 19:00:00,Quito,8.7,28.57,38.57,23.6,2.95,0.922,12.9,90.25,0.0,1.38
2026-04-15 20:00:00,Quito,8.42,33.56,30.81,28.26,2.91,0.753,12.24,92.8,1.2,1.65
2026-04-15 21:00:00,Quito,4.3,11.48,24.02,34.66,2.6,0.623,11.92,94.84,0.5,1.21
2026-04-15 22:00:00,Quito,0.05,1.07,20.26,38.76,2.52,0.544,11.84,94.94,1.3,1.26
2026-04-15 23:00:00,Quito,5.11,26.15,13.28,50.44,2.32,0.446,11.75,95.14,2.1,0.79
2026-04-16 00:00:00,Quito,5.22,11.44,11.83,,2.44,,11.75,94.56,1.3,1.06
2026-04-16 01:00:00,Quito,4.21,1.8,19.78,,,,11.53,94.85,0.4,1.3
2026-04-16 02:00:00,Quito,7.25,23.83,,42.08,,,11.6,94.91,0.2,0.96
2026-04-16 03:00:00,Quito,1.76,3.58,,43.44,,0.4,11.53,95.12,0.2,0.94
2026-04-16 04:00:00,Quito,7.84,9.42,,24.73,7.16,0.402,11.44,95.26,1.5,0.65
2026-04-16 05:00:00,Quito,6.87,18.7,40.28,15.36,10.46,0.477,11.44,95.2,0.9,0.7
2026-04-16 06:00:00,Quito,13.07,18.69,51.56,7.83,18.59,0.727,11.64,94.52,0.3,0.45
2026-04-16 07:00:00,Quito,21.77,21.19,51.49,10.23,12.59,1.233,11.89,93.74,0.1,1.06
2026-04-16 08:00:00,Quito,20.74,17.27,46.47,18.49,8.24,1.209,14.49,83.12,0.0,1.01
2026-04-16 09:00:00,Quito,32.31,36.46,44.13,21.75,10.99,0.959,14.19,80.93,0.0,1.54
2026-04-16 10:00:00,Quito,15.97,45.22,40.65,32.52,12.28,0.787,16.17,72.26,0.0,1.48
2026-04-16 11:00:00,Quito,19.0,15.59,33.91,54.5,4.89,0.916,17.4,65.29,0.0,2.2
2026-04-16 12:00:00,Quito,18.74,0.75,29.93,59.84,4.0,0.723,17.46,62.59,0.0,0.28
2026-04-16 13:00:00,Quito,24.34,32.48,41.87,43.71,3.92,0.967,17.15,66.97,0.0,1.81
2026-04-16 14:00:00,Quito,15.06,15.45,34.88,38.19,3.39,0.889,17.02,68.3,0.0,0.48
2026-04-16 15:00:00,Quito,17.7,14.31,31.23,36.55,2.94,0.806,16.36,69.56,0.0,1.46
2026-04-16 16:00:00,Quito,13.73,37.63,40.81,21.72,3.46,1.028,15.1,78.93,0.3,1.19
2026-04-16 17:00:00,Quito,18.64,35.85,42.16,17.92,3.36,1.186,13.38,89.97,6.1,1.32
2026-04-16 18:00:00,Quito,6.24,6.27,42.0,15.9,3.19,1.314,12.6,94.61,6.8,1.04
2026-04-16 19:00:00,Quito,10.49,17.42,45.69,11.23,3.2,1.323,12.53,94.85,0.7,0.67
2026-04-16 20:00:00,Quito,11.49,0.0,47.41,10.16,2.83,1.093,12.43,94.69,0.8,0.71
2026-04-16 21:00:00,Quito,11.08,6.59,39.24,19.64,2.98,0.895,11.92,94.22,1.3,1.85
2026-04-16 22:00:00,Quito,2.0,37.54,32.53,24.25,3.04,0.692,11.71,94.3,0.5,1.05
2026-04-16 23:00:00,Quito,8.74,21.49,43.18,12.11,5.95,0.628,11.65,95.01,0.9,1.37
2026-04-17 00:00:00,Quito,5.05,9.68,24.84,32.17,3.59,0.508,11.4,95.06,0.4,1.57
2026-04-17 01:00:00,Quito,2.79,10.06,18.92,40.5,3.45,0.429,11.16,94.94,0.4,0.96
2026-04-17 02:00:00,Quito,2.0,21.99,34.5,27.49,6.62,0.389,10.91,94.39,0.6,0.78
2026-04-17 03:00:00,Quito,3.62,2.96,55.55,7.91,15.35,0.385,10.93,92.83,0.0,0.58
2026-04-17 04:00:00,Quito,8.22,0.0,53.98,6.16,21.6,0.387,10.9,93.14,0.0,0.65
2026-04-17 05:00:00,Quito,10.96,3.29,53.66,5.89,23.32,0.499,11.08,93.26,0.0,0.14
2026-04-17 06:00:00,Quito,13.82,13.6,49.7,9.39,12.24,0.778,11.04,92.84,0.0,0.8
2026-04-17 07:00:00,Quito,23.49,20.17,53.38,8.91,15.68,1.154,11.43,92.01,0.0,1.01
2026-04-17 08:00:00,Quito,21.97,11.32,47.98,14.02,8.71,1.183,11.81,90.14,0.0,0.97
2026-04-17 09:00:00,Quito,15.96,25.1,41.37,22.35,7.0,1.015,13.34,82.96,0.0,0.65
2026-04-17 10:00:00,Quito,19.13,26.31,44.95,25.01,6.61,0.984,14.85,74.74,0.0,0.57
2026-04-17 11:00:00,Quito,28.36,36.11,54.15,30.39,5.18,1.254,15.61,70.06,0.0,1.37
2026-04-17 12:00:00,Quito,31.6,7.58,49.77,41.3,4.66,1.079,15.88,69.04,0.0,1.41
2026-04-17 13:00:00,Quito,26.67,20.85,39.09,51.59,4.03,0.87,16.37,68.45,0.0,1.98
2026-04-17 14:00:00,Quito,17.86,0.56,28.21,43.67,3.84,0.796,15.96,68.79,0.0,1.68
2026-04-17 15:00:00,Quito,9.01,11.14,28.26,37.28,3.6,0.772,16.11,66.53,0.0,1.33
2026-04-17 16:00:00,Quito,13.0,43.51,37.15,24.67,3.18,1.013,15.06,73.88,0.0,1.52
2026-04-17 17:00:00,Quito,11.17,10.77,37.28,21.21,2.99,1.075,14.15,77.95,0.0,1.07
2026-04-17 18:00:00,Quito,50.04,64.7,87.89,37.34,3.72,2.018,12.28,91.51,0.0,1.45
2026-04-17 19:00:00,Quito,30.49,5.9,37.42,16.33,2.72,0.933,11.69,94.29,0.0,1.34
2026-04-17 20:00:00,Quito,4.59,16.92,40.15,11.3,2.68,0.935,11.57,94.43,0.0,1.08
2026-04-17 21:00:00,Quito,5.73,14.58,42.55,8.94,3.29,1.015,11.79,93.55,0.0,1.03
2026-04-17 22:00:00,Quito,15.68,49.25,36.77,13.07,3.49,1.015,11.47,93.74,0.0,1.2
2026-04-17 23:00:00,Quito,6.87,5.17,26.76,22.28,3.06,0.612,11.44,94.03,0.0,0.42
2026-04-18 00:00:00,Quito,15.49,11.28,32.23,,4.82,,11.47,93.33,0.0,0.56
2026-04-18 01:00:00,Quito,15.88,7.13,33.83,,,,11.2,93.86,0.0,0.98
2026-04-18 02:00:00,Quito,9.8,40.5,,14.26,,,11.0,94.21,0.0,0.92
2026-04-18 03:00:00,Quito,11.83,6.4,,10.1,,0.474,10.87,90.77,0.0,0.35
2026-04-18 04:00:00,Quito,13.19,14.54,,20.38,4.16,0.471,11.09,91.85,0.0,0.61
2026-04-18 05:00:00,Quito,12.97,6.26,28.53,10.59,3.82,0.561,11.07,92.25,0.0,0.72
2026-04-18 06:00:00,Quito,14.26,10.72,28.52,12.97,3.82,0.661,11.09,91.55,0.0,0.61
2026-04-18 07:00:00,Quito,13.34,40.53,23.63,20.75,3.85,0.631,13.4,80.8,0.0,0.79
2026-04-18 08:00:00,Quito,4.6,4.34,23.08,30.53,3.67,0.734,16.66,61.05,0.0,0.72
2026-04-18 09:00:00,Quito,24.23,11.72,30.49,32.5,3.86,0.844,16.39,63.78,0.0,1.03
2026-04-18 10:00:00,Quito,27.2,53.79,34.96,31.6,3.86,0.887,15.62,68.67,0.0,0.96
2026-04-18 11:00:00,Quito,14.25,46.92,30.18,53.18,3.53,0.836,17.52,61.45,0.0,2.04
2026-04-18 12:00:00,Quito,20.79,2.74,18.6,55.28,3.34,0.663,17.99,57.8,0.0,3.2
2026-04-18 13:00:00,Quito,8.97,6.88,16.69,46.73,3.14,0.678,18.49,55.69,0.0,1.68
2026-04-18 14:00:00,Quito,12.27,16.28,18.63,46.2,3.27,0.719,19.24,53.39,0.0,1.06
2026-04-18 15:00:00,Quito,11.91,14.62,13.69,46.63,2.82,0.592,19.16,49.03,0.0,2.16
2026-04-18 16:00:00,Quito,18.24,31.31,13.86,37.81,2.85,0.627,18.14,57.25,0.0,2.38
2026-04-18 17:00:00,Quito,17.49,8.7,17.98,30.8,2.75,0.645,14.32,77.04,0.0,2.03
2026-04-18 18:00:00,Quito,8.45,16.72,19.5,25.83,2.39,0.607,12.72,86.42,0.0,1.14
2026-04-18 19:00:00,Quito,5.78,33.93,26.42,18.21,2.72,0.789,12.2,89.36,0.0,1.26
2026-04-18 20:00:00,Quito,24.96,19.96,27.08,16.34,2.75,0.745,12.15,89.48,0.0,1.05
2026-04-18 21:00:00,Quito,6.35,21.45,26.01,15.91,2.47,0.685,12.04,90.08,0.0,1.14
2026-04-18 22:00:00,Quito,5.71,3.78,23.59,18.15,2.53,0.647,11.71,91.05,0.0,1.42
2026-04-18 23:00:00,Quito,7.74,42.07,20.79,22.24,2.53,0.652,11.68,90.11,0.0,1.03
2026-04-19 00:00:00,Quito,5.07,42.78,20.51,21.01,2.42,0.534,11.52,90.61,0.0,0.61
2026-04-19 01:00:00,Quito,8.56,0.02,16.75,24.49,2.61,0.475,11.27,92.46,0.0,1.39
2026-04-19 02:00:00,Quito,1.24,22.76,19.29,20.16,2.85,0.516,11.36,91.78,0.0,0.63
2026-04-19 03:00:00,Quito,7.84,22.49,21.57,18.01,3.12,0.518,11.32,90.42,0.0,1.04
2026-04-19 04:00:00,Quito,5.79,4.13,12.85,27.49,2.46,0.418,10.79,92.04,0.0,0.62
2026-04-19 05:00:00,Quito,3.72,6.12,20.7,15.66,4.09,0.459,10.85,91.97,0.0,0.4
2026-04-19 06:00:00,Quito,10.06,27.28,31.56,7.21,13.98,0.504,11.25,90.83,0.0,0.16
2026-04-19 07:00:00,Quito,17.64,37.31,31.48,11.02,14.61,0.637,12.21,85.47,0.0,0.91
2026-04-19 08:00:00,Quito,16.42,20.26,21.84,20.42,8.25,0.66,14.07,77.49,0.0,0.7
2026-04-19 09:00:00,Quito,21.65,8.32,25.44,19.18,6.73,0.627,13.95,72.94,0.0,1.73
2026-04-19 10:00:00,Quito,14.66,0.3,21.33,31.25,4.85,0.724,15.99,63.07,0.0,1.91
2026-04-19 11:00:00,Quito,10.58,15.8,13.41,41.72,2.84,0.596,17.29,57.43,0.0,2.25
2026-04-19 12:00:00,Quito,12.15,17.58,9.83,40.59,2.9,0.543,17.36,58.05,0.0,2.63
2026-04-19 13:00:00,Quito,15.28,10.49,9.39,41.05,2.79,0.517,16.21,64.9,0.0,1.03
2026-04-19 14:00:00,Quito,6.47,17.55,17.27,39.33,2.71,0.67,15.89,69.19,4.4,1.47
2026-04-19 15:00:00,Quito,14.29,26.99,16.04,40.36,2.64,0.606,14.34,82.47,0.8,0.87
2026-04-19 16:00:00,Quito,1.32,5.05,23.57,31.95,6.54,0.637,14.81,77.95,0.0,1.42
2026-04-19 17:00:00,Quito,17.54,29.62,41.85,12.77,18.79,0.729,13.4,83.26,0.0,1.44
2026-04-19 18:00:00,Quito,13.22,26.64,21.35,20.5,4.04,0.664,12.05,90.96,1.8,1.46
2026-04-19 19:00:00,Quito,9.13,2.06,19.47,22.0,3.17,0.595,11.29,94.29,0.9,1.31
2026-04-19 20:00:00,Quito,2.7,19.12,18.39,23.62,2.87,0.62,10.89,95.39,0.1,1.41
2026-04-19 21:00:00,Quito,2.56,32.47,18.08,23.88,2.42,0.548,10.85,95.91,0.0,0.67
2026-04-19 22:00:00,Quito,3.3,31.79,15.35,27.01,2.68,0.492,10.77,95.81,0.0,0.93
2026-04-19 23:00:00,Quito,2.95,38.43,16.25,24.37,2.44,0.485,10.75,95.03,0.0,0.88
2026-04-20 00:00:00,Quito,9.96,36.39,16.38,,2.59,,11.01,93.37,0.0,0.14
2026-04-20 01:00:00,Quito,4.04,5.39,13.74,,,,10.89,92.31,0.1,0.75
2026-04-20 02:00:00,Quito,5.19,12.03,,21.17,,,10.65,93.13,0.3,0.84
2026-04-20 03:00:00,Quito,7.64,0.6,,29.27,,0.398,10.5,93.99,0.0,0.6
2026-04-20 04:00:00,Quito,5.51,4.41,,25.06,2.84,0.412,10.41,94.06,0.0,0.69
2026-04-20 05:00:00,Quito,6.55,0.84,24.23,10.13,4.86,0.451,10.54,94.18,0.0,0.3
2026-04-20 06:00:00,Quito,14.27,27.59,26.23,6.2,4.54,0.889,10.52,93.66,0.0,0.37
2026-04-20 07:00:00,Quito,20.1,72.17,29.86,8.17,5.91,1.209,11.39,91.13,0.0,0.1
2026-04-20 08:00:00,Quito,28.32,35.41,42.71,11.0,12.24,1.648,13.16,79.35,0.0,0.78
2026-04-20 09:00:00,Quito,24.6,30.88,34.75,20.98,7.53,1.116,14.54,67.61,0.0,1.14
2026-04-20 10:00:00,Quito,19.12,37.03,33.33,21.39,5.87,0.884,14.58,66.76,0.0,1.0
2026-04-20 11:00:00,Quito,8.02,32.76,25.7,32.88,8.08,0.636,16.62,54.87,0.0,0.34
2026-04-20 12:00:00,Quito,14.29,1.11,30.39,32.41,6.52,0.691,16.69,53.73,0.0,0.91
2026-04-20 13:00:00,Quito,11.72,12.36,32.12,36.04,5.55,0.819,16.77,52.99,0.0,0.98
2026-04-20 14:00:00,Quito,16.42,33.84,34.52,42.66,4.36,0.71,17.23,54.11,0.0,0.97
2026-04-20 15:00:00,Quito,16.72,9.64,35.9,38.95,4.78,0.753,16.6,57.82,0.0,0.57
2026-04-20 16:00:00,Quito,17.58,14.21,42.34,34.02,3.82,0.928,16.3,61.64,0.0,0.95
2026-04-20 17:00:00,Quito,22.04,28.48,42.8,18.59,3.57,1.143,14.65,69.41,0.0,1.36
2026-04-20 18:00:00,Quito,12.62,27.44,40.25,9.82,3.04,1.211,13.27,77.12,0.0,1.07
2026-04-20 19:00:00,Quito,12.2,25.94,36.88,7.14,3.65,1.196,12.68,84.81,0.0,1.06
2026-04-20 20:00:00,Quito,10.47,47.96,31.03,7.0,3.68,1.139,11.78,90.98,0.0,0.68
2026-04-20 21:00:00,Quito,7.42,41.66,24.62,10.69,3.44,0.682,11.76,91.95,0.0,1.02
2026-04-20 22:00:00,Quito,10.13,12.33,24.25,6.68,3.62,0.779,11.33,90.91,0.0,0.2
2026-04-20 23:00:00,Quito,5.46,62.56,19.46,9.38,3.34,0.657,11.13,88.35,0.0,0.28
2026-04-21 00:00:00,Quito,17.87,25.13,24.77,7.63,3.92,0.513,11.08,92.78,0.0,0.92
2026-04-21 01:00:00,Quito,6.89,4.04,17.41,5.93,3.32,0.488,10.83,87.58,0.0,0.58
2026-04-21 02:00:00,Quito,10.33,7.67,19.67,4.87,2.99,0.505,10.92,87.3,0.0,0.42
2026-04-21 03:00:00,Quito,10.52,57.29,20.07,5.19,4.32,0.498,10.81,89.13,0.0,0.25
2026-04-21 04:00:00,Quito,11.08,29.21,14.61,4.5,3.58,0.523,10.26,87.85,0.0,0.74
2026-04-21 05:00:00,Quito,11.02,8.28,15.21,4.36,3.36,0.569,9.68,86.91,0.0,0.59
2026-04-21 06:00:00,Quito,10.98,21.42,18.92,5.38,4.08,0.978,9.62,87.66,0.0,0.69
2026-04-21 07:00:00,Quito,17.49,37.2,28.03,8.42,8.63,1.211,11.93,81.74,0.0,0.42
2026-04-21 08:00:00,Quito,28.72,21.77,34.57,16.51,7.53,1.203,15.26,67.46,0.0,0.91
2026-04-21 09:00:00,Quito,31.37,27.82,35.12,21.18,10.22,0.908,15.81,61.81,0.0,1.06
2026-04-21 10:00:00,Quito,29.46,38.43,37.25,20.44,9.91,0.826,15.74,61.9,0.0,0.94
2026-04-21 11:00:00,Quito,11.99,53.19,35.93,29.51,6.96,0.754,16.96,57.34,0.0,1.27
2026-04-21 12:00:00,Quito,24.32,33.13,35.24,35.38,6.08,0.835,17.2,57.59,0.0,1.45
2026-04-21 13:00:00,Quito,33.44,3.78,32.89,34.99,3.83,0.865,15.07,72.67,1.1,2.05
2026-04-21 14:00:00,Quito,9.67,12.69,28.52,26.39,3.15,0.859,14.39,76.41,1.2,1.32
2026-04-21 15:00:00,Quito,1.81,13.92,28.69,25.4,3.08,0.888,14.95,71.23,0.4,0.62
2026-04-21 16:00:00,Quito,8.96,8.63,35.06,21.98,4.02,0.959,14.98,67.49,0.7,1.73
2026-04-21 17:00:00,Quito,21.31,20.56,45.02,11.63,5.29,1.228,13.57,74.77,0.1,0.83
2026-04-21 18:00:00,Quito,18.16,0.75,41.89,6.49,4.65,1.196,12.8,80.19,0.0,0.59
2026-04-21 19:00:00,Quito,9.34,30.32,38.25,6.07,5.1,1.063,12.23,82.63,0.0,0.59
2026-04-21 20:00:00,Quito,17.3,18.13,34.74,6.37,6.96,1.386,11.38,86.73,0.0,0.34
2026-04-21 21:00:00,Quito,10.35,62.15,36.39,6.41,8.95,1.433,11.22,88.72,0.0,0.7
2026-04-21 22:00:00,Quito,16.57,51.11,28.34,5.58,8.14,1.074,11.15,87.33,0.0,0.34
2026-04-21 23:00:00,Quito,23.1,16.07,47.11,6.8,95.77,0.69,11.14,90.53,0.0,0.82
2026-04-22 00:00:00,Quito,27.01,23.8,38.16,,36.6,,11.16,90.72,0.0,0.71
2026-04-22 01:00:00,Quito,15.72,10.63,28.51,,,,10.96,90.13,0.0,0.56
2026-04-22 02:00:00,Quito,13.01,30.26,,4.43,,,10.6,88.24,0.0,0.59
2026-04-22 03:00:00,Quito,6.06,25.03,,4.14,,0.471,10.48,87.21,0.0,0.68
2026-04-22 04:00:00,Quito,6.01,11.56,,4.18,4.58,0.464,10.26,87.52,0.0,0.64
2026-04-22 05:00:00,Quito,11.12,43.9,19.5,4.59,5.29,0.603,10.19,88.36,0.0,0.71
2026-04-22 06:00:00,Quito,11.45,55.74,19.44,5.6,4.36,0.838,10.26,88.61,0.0,0.61
2026-04-22 07:00:00,Quito,12.43,56.64,33.8,9.16,7.87,1.519,12.88,78.2,0.0,0.94
2026-04-22 08:00:00,Quito,24.26,20.48,43.71,18.15,10.2,1.425,16.62,61.73,0.0,0.91
2026-04-22 09:00:00,Quito,27.74,34.75,40.04,19.24,22.84,0.93,16.93,59.54,0.0,0.98
2026-04-22 10:00:00,Quito,25.11,65.02,28.6,36.52,10.62,0.651,17.12,55.98,0.0,1.43
2026-04-22 11:00:00,Quito,11.7,20.9,27.87,45.46,5.4,0.695,17.91,52.33,0.0,0.99
2026-04-22 12:00:00,Quito,26.32,49.97,27.44,38.36,4.62,0.711,16.5,60.13,0.0,3.03
2026-04-22 13:00:00,Quito,11.34,28.83,21.64,26.77,3.57,0.718,16.4,65.37,0.0,2.63
2026-04-22 14:00:00,Quito,8.82,10.97,27.85,24.27,3.63,0.881,17.57,57.36,0.0,1.01
2026-04-22 15:00:00,Quito,16.02,17.32,32.54,19.94,6.57,0.914,16.45,59.72,0.0,1.16
2026-04-22 16:00:00,Quito,14.88,0.0,35.83,14.97,10.03,0.861,15.04,66.46,0.0,2.06
2026-04-22 17:00:00,Quito,16.44,28.08,39.55,11.74,6.39,1.023,14.36,69.91,0.0,1.04
2026-04-22 18:00:00,Quito,10.34,36.61,45.66,6.2,9.58,1.184,13.39,73.59,0.0,1.11
2026-04-22 19:00:00,Quito,15.96,41.43,36.35,6.92,5.67,1.013,12.35,84.96,0.0,0.52
2026-04-22 20:00:00,Quito,17.94,8.39,35.81,7.33,4.9,1.21,12.47,86.17,0.0,1.49
2026-04-22 21:00:00,Quito,14.34,43.43,27.92,11.5,3.57,0.737,11.7,91.47,0.0,1.26
2026-04-22 22:00:00,Quito,6.93,52.99,26.08,12.18,3.83,0.65,11.5,92.03,0.0,0.62
2026-04-22 23:00:00,Quito,4.4,5.47,27.36,11.34,3.81,0.582,11.34,92.67,0.0,1.38
2026-04-23 00:00:00,Quito,18.7,5.69,24.6,12.43,4.12,0.534,11.32,92.25,0.0,0.77
2026-04-23 01:00:00,Quito,10.04,24.47,29.99,6.53,5.14,0.539,11.38,90.97,0.0,0.43
2026-04-23 02:00:00,Quito,14.98,22.31,27.71,8.98,4.61,0.475,11.12,92.55,0.0,0.96
2026-04-23 03:00:00,Quito,13.95,3.66,29.25,7.37,6.63,0.431,11.06,92.67,0.0,0.73
2026-04-23 04:00:00,Quito,20.28,4.08,28.23,7.18,6.56,0.468,11.08,92.28,0.0,0.69
2026-04-23 05:00:00,Quito,17.04,34.38,27.7,6.43,6.66,0.495,11.0,92.24,0.0,0.98
2026-04-23 06:00:00,Quito,20.46,11.33,26.29,6.36,7.33,0.657,11.12,90.79,0.0,0.34
2026-04-23 07:00:00,Quito,20.61,28.99,32.2,9.53,11.86,1.315,12.45,85.07,0.0,1.06
2026-04-23 08:00:00,Quito,35.44,67.77,33.03,11.52,8.46,1.263,13.41,78.82,0.0,1.03
2026-04-23 09:00:00,Quito,23.36,17.93,32.44,21.72,5.92,1.026,16.74,62.56,0.0,0.24
2026-04-23 10:00:00,Quito,36.15,44.83,35.12,26.53,4.71,0.911,16.49,59.67,0.0,1.56
2026-04-23 11:00:00,Quito,30.8,5.05,37.59,36.94,6.16,0.905,17.28,58.35,0.0,1.7
2026-04-23 12:00:00,Quito,24.68,87.55,29.17,42.7,4.05,0.781,17.09,58.68,0.0,2.67
2026-04-23 13:00:00,Quito,12.87,76.51,16.42,30.46,3.76,0.697,17.4,59.58,0.0,2.68
2026-04-23 14:00:00,Quito,10.22,48.8,19.5,30.97,3.0,0.715,17.56,57.17,0.0,1.64
2026-04-23 15:00:00,Quito,16.27,37.43,21.75,25.42,3.18,0.784,16.85,61.29,0.0,2.39
2026-04-23 16:00:00,Quito,18.59,40.28,21.94,21.0,3.22,0.813,15.2,68.36,0.0,2.13
2026-04-23 17:00:00,Quito,10.37,39.37,27.12,15.94,3.19,1.02,14.2,75.47,0.0,1.83
2026-04-23 18:00:00,Quito,13.99,30.0,29.65,10.01,3.02,1.101,12.88,84.73,0.0,1.3
2026-04-23 19:00:00,Quito,6.63,59.89,28.17,10.19,2.67,0.808,12.04,91.76,2.0,1.28
2026-04-23 20:00:00,Quito,9.92,19.78,31.59,8.35,2.78,0.915,11.62,93.76,5.7,0.72
2026-04-23 21:00:00,Quito,3.0,14.27,29.23,10.02,3.08,0.87,11.6,93.85,0.0,0.72
2026-04-23 22:00:00,Quito,6.57,33.12,18.95,19.71,2.69,0.591,11.1,94.84,0.0,1.39
2026-04-23 23:00:00,Quito,1.13,9.64,18.74,18.6,2.9,0.549,11.12,94.53,0.0,0.21
2026-04-24 00:00:00,Quito,10.61,7.02,17.95,,3.22,,10.78,91.69,0.0,0.76
2026-04-24 01:00:00,Quito,5.81,21.78,16.16,,,,9.65,89.83,0.0,1.1
2026-04-24 02:00:00,Quito,5.99,11.19,,5.59,,,9.09,89.37,0.0,0.84
2026-04-24 03:00:00,Quito,5.8,0.06,,4.32,,0.516,9.26,92.15,0.0,0.77
2026-04-24 04:00:00,Quito,5.4,11.91,,4.39,2.93,0.525,9.72,91.74,0.0,0.64
2026-04-24 05:00:00,Quito,13.76,41.35,17.39,4.36,3.35,0.693,9.96,89.5,0.0,0.94
2026-04-24 06:00:00,Quito,14.88,44.64,22.6,6.07,4.36,1.468,10.18,87.6,0.0,0.68
2026-04-24 07:00:00,Quito,31.58,70.61,36.42,8.95,7.1,1.962,12.13,78.85,0.0,0.63
2026-04-24 08:00:00,Quito,31.86,54.24,49.75,15.98,8.18,1.907,16.49,61.55,0.1,0.65
2026-04-24 09:00:00,Quito,48.77,59.04,,,,,16.58,59.32,0.0,1.35
2026-04-24 10:00:00,Quito,50.38,50.17,,,,,17.3,58.24,0.0,1.44
2026-04-24 11:00:00,Quito,42.84,23.25,,,,,18.73,52.06,0.0,2.58
2026-04-24 12:00:00,Quito,28.92,19.68,17.03,75.41,3.61,0.604,19.55,50.17,0.0,2.54
2026-04-24 13:00:00,Quito,22.4,33.5,23.14,69.03,3.24,0.703,19.44,49.56,0.0,0.8
2026-04-24 14:00:00,Quito,24.14,14.83,21.56,46.39,3.02,0.744,18.81,49.39,0.0,1.53
2026-04-24 15:00:00,Quito,16.95,11.83,24.2,40.84,2.82,0.835,17.92,52.41,0.0,1.76
2026-04-24 16:00:00,Quito,6.2,11.62,21.6,43.5,3.77,0.771,16.12,63.29,0.0,3.31
2026-04-24 17:00:00,Quito,7.13,2.87,28.35,41.14,4.06,0.884,14.04,73.34,0.0,2.39
2026-04-24 18:00:00,Quito,4.27,29.56,39.85,36.78,4.41,0.948,12.86,78.72,0.0,1.96
2026-04-24 19:00:00,Quito,5.16,27.96,28.76,38.29,3.08,0.877,12.06,86.96,0.0,0.91
2026-04-24 20:00:00,Quito,0.94,29.52,30.67,32.97,2.92,0.951,12.0,87.1,0.0,0.97
2026-04-24 21:00:00,Quito,10.89,22.51,30.67,32.69,3.2,0.829,11.62,88.97,0.0,1.64
2026-04-24 22:00:00,Quito,4.54,38.14,33.03,27.44,4.4,0.798,11.61,87.69,0.0,1.06
2026-04-24 23:00:00,Quito,11.68,34.18,24.66,18.34,4.55,0.784,10.99,83.06,0.0,0.96
2026-04-25 00:00:00,Quito,15.84,35.1,28.61,18.94,5.54,0.779,11.16,83.61,0.0,0.94
2026-04-25 01:00:00,Quito,16.92,29.58,30.14,17.25,6.95,0.71,11.21,82.0,0.0,0.44
2026-04-25 02:00:00,Quito,13.0,33.74,19.33,14.32,4.39,0.499,9.91,79.77,0.0,1.04
2026-04-25 03:00:00,Quito,6.25,12.55,15.94,14.05,3.74,0.444,9.33,80.11,0.0,0.8
2026-04-25 04:00:00,Quito,9.64,23.1,18.1,11.05,3.25,0.516,8.74,84.26,0.0,0.8
2026-04-25 05:00:00,Quito,11.41,41.14,18.79,11.56,4.0,0.707,8.72,86.95,0.0,0.9
2026-04-25 06:00:00,Quito,10.67,28.93,19.68,13.85,4.51,0.795,10.88,79.69,0.0,0.7
2026-04-25 07:00:00,Quito,10.84,40.07,27.74,23.07,6.53,1.082,15.52,61.7,0.0,0.8
2026-04-25 08:00:00,Quito,24.8,40.22,31.63,33.69,6.83,0.94,16.68,58.32,0.0,0.8
2026-04-25 09:00:00,Quito,31.35,13.53,38.68,38.83,8.08,1.061,17.63,54.42,0.0,0.79
2026-04-25 10:00:00,Quito,32.27,25.31,42.49,35.44,17.62,0.935,17.24,56.0,0.0,1.66
2026-04-25 11:00:00,Quito,27.41,43.57,40.74,51.61,10.56,0.813,19.25,46.71,0.0,1.39
2026-04-25 12:00:00,Quito,27.24,49.17,31.11,70.61,6.89,0.679,20.0,43.03,0.0,1.84
2026-04-25 13:00:00,Quito,22.43,47.28,18.3,82.53,3.86,0.617,20.99,43.62,0.0,1.88
2026-04-25 14:00:00,Quito,38.12,2.38,24.71,68.62,3.08,0.683,18.75,49.05,0.0,0.62
2026-04-25 15:00:00,Quito,27.96,21.34,25.37,55.79,3.03,0.76,17.43,56.02,0.0,1.92
2026-04-25 16:00:00,Quito,16.04,17.55,26.6,45.58,3.2,0.77,16.37,60.99,0.0,1.35
2026-04-25 17:00:00,Quito,5.0,21.09,33.27,35.5,2.81,0.904,15.28,66.29,0.0,1.17
2026-04-25 18:00:00,Quito,7.64,35.48,30.62,27.24,2.74,0.858,13.45,76.84,0.0,1.79
2026-04-25 19:00:00,Quito,0.48,11.97,25.36,28.97,3.13,0.749,12.59,82.76,0.0,1.62
2026-04-25 20:00:00,Quito,1.86,44.43,25.16,28.87,3.18,0.744,12.17,86.72,0.0,1.07
2026-04-25 21:00:00,Quito,5.39,12.1,28.49,25.44,3.24,0.836,12.29,87.49,0.0,0.92
2026-04-25 22:00:00,Quito,2.0,23.6,21.97,30.58,3.02,0.67,11.98,88.49,0.0,0.98
2026-04-25 23:00:00,Quito,6.18,17.37,20.6,30.83,3.82,0.521,11.82,89.36,0.0,1.17
2026-04-26 00:00:00,Quito,0.94,12.57,19.04,,4.09,,11.83,89.25,0.0,0.61
2026-04-26 01:00:00,Quito,6.78,19.12,17.45,,,,12.14,83.28,0.0,0.45
2026-04-26 02:00:00,Quito,6.66,9.83,,25.66,,,11.97,83.23,0.0,0.41
2026-04-26 03:00:00,Quito,3.62,1.22,,24.89,,0.495,11.73,85.02,0.0,0.31
2026-04-26 04:00:00,Quito,5.45,17.13,,18.65,2.53,0.511,11.52,85.56,0.0,0.75
2026-04-26 05:00:00,Quito,4.65,10.6,19.06,21.38,2.81,0.54,11.46,85.56,0.0,0.74
2026-04-26 06:00:00,Quito,8.18,0.0,16.39,28.78,2.81,0.505,11.1,91.7,0.0,0.7
2026-04-26 07:00:00,Quito,9.88,5.58,21.17,26.28,4.03,0.708,12.22,84.53,0.0,1.39
2026-04-26 08:00:00,Quito,1.51,20.62,18.34,38.16,3.66,0.684,15.83,62.9,0.0,1.42
2026-04-26 09:00:00,Quito,9.53,27.37,20.84,39.82,9.52,0.667,18.04,52.63,0.0,1.11
2026-04-26 10:00:00,Quito,23.23,12.37,24.81,38.58,13.93,0.586,19.09,48.33,0.0,1.14
2026-04-26 11:00:00,Quito,19.79,48.5,21.52,58.5,8.42,0.581,20.04,46.01,0.0,1.84
2026-04-26 12:00:00,Quito,31.42,48.05,16.04,72.21,3.87,0.546,18.55,52.9,0.0,2.92
2026-04-26 13:00:00,Quito,12.43,52.19,8.77,68.44,3.23,0.496,20.07,46.29,0.0,2.83
2026-04-26 14:00:00,Quito,28.62,22.83,8.85,56.85,3.66,0.502,18.37,51.37,0.0,2.61
2026-04-26 15:00:00,Quito,24.3,26.6,26.4,40.3,3.31,0.799,15.77,68.05,0.1,2.6
2026-04-26 16:00:00,Quito,15.39,35.73,22.99,43.37,2.77,0.71,14.92,73.24,0.3,2.41
2026-04-26 17:00:00,Quito,8.57,26.7,41.81,38.33,3.6,0.93,13.4,84.65,1.7,0.54
2026-04-26 18:00:00,Quito,3.47,34.28,40.97,31.91,5.27,0.81,13.04,84.71,0.0,1.14
2026-04-26 19:00:00,Quito,6.74,38.72,39.48,29.23,5.36,0.916,12.71,89.74,0.0,0.92
2026-04-26 20:00:00,Quito,6.59,25.21,39.25,28.21,4.17,0.878,12.71,91.01,0.0,0.73
2026-04-26 21:00:00,Quito,11.75,7.69,28.35,32.15,3.33,0.688,12.32,92.26,0.0,1.43
2026-04-26 22:00:00,Quito,6.52,3.19,22.96,31.15,3.1,0.603,12.42,92.84,0.0,0.38
2026-04-26 23:00:00,Quito,4.83,22.8,18.76,26.9,2.88,0.566,12.13,90.84,0.0,0.22
2026-04-27 00:00:00,Quito,3.28,35.99,18.56,35.74,3.08,0.496,12.15,90.97,0.0,0.45
2026-04-27 01:00:00,Quito,9.38,29.37,10.6,39.81,3.25,0.413,12.0,89.71,0.0,0.52
2026-04-27 02:00:00,Quito,6.14,3.45,6.19,44.11,2.79,0.366,11.63,92.62,1.5,1.51
2026-04-27 03:00:00,Quito,9.25,11.33,11.61,38.52,3.77,0.361,11.67,93.22,1.7,0.6
2026-04-27 04:00:00,Quito,3.76,17.85,16.43,28.98,2.81,0.393,11.43,92.88,0.2,0.65
2026-04-27 05:00:00,Quito,5.31,4.18,22.31,26.11,2.91,0.462,11.69,89.87,0.2,0.29
2026-04-27 06:00:00,Quito,7.7,2.22,28.85,20.68,3.07,0.819,11.51,91.64,0.1,0.86
2026-04-27 07:00:00,Quito,22.44,22.61,39.92,22.55,4.61,1.828,11.87,89.92,0.0,0.99
2026-04-27 08:00:00,Quito,26.18,5.55,34.4,,4.26,1.436,12.69,85.97,0.0,1.08
2026-04-27 09:00:00,Quito,22.33,16.5,32.54,,3.98,1.168,14.21,77.8,0.0,0.84
2026-04-27 10:00:00,Quito,19.59,0.42,34.46,46.49,3.55,1.008,17.9,58.9,0.0,0.18
2026-04-27 11:00:00,Quito,24.22,9.13,31.86,48.6,7.14,0.785,18.03,57.54,0.0,1.28
2026-04-27 12:00:00,Quito,34.59,14.36,38.47,51.83,5.27,0.815,16.64,65.71,0.0,1.25
2026-04-27 13:00:00,Quito,17.19,40.47,37.89,62.65,4.22,0.839,17.54,58.25,0.0,1.2
2026-04-27 14:00:00,Quito,,51.61,,,,,,,0.0,
2026-04-27 15:00:00,Quito,17.77,39.13,30.44,42.22,3.44,0.757,13.93,76.43,3.4,1.65
2026-04-27 16:00:00,Quito,11.59,34.59,45.72,28.94,3.63,1.199,13.35,83.0,0.0,1.47
2026-04-27 17:00:00,Quito,14.68,65.67,55.02,22.76,4.39,1.674,13.09,81.73,0.0,1.59
2026-04-27 18:00:00,Quito,19.04,55.64,56.46,18.61,4.74,1.776,12.79,80.65,0.1,0.88
2026-04-27 19:00:00,Quito,19.17,8.85,40.63,20.98,3.95,1.37,12.37,87.12,0.1,0.74
2026-04-27 20:00:00,Quito,21.96,39.1,34.44,21.33,3.6,1.224,12.07,89.67,2.4,0.79
2026-04-27 21:00:00,Quito,15.21,29.79,41.86,21.89,3.63,1.006,11.5,91.93,3.4,0.7
2026-04-27 22:00:00,Quito,7.4,24.45,38.84,20.72,3.53,1.013,11.66,91.73,0.0,0.15
2026-04-27 23:00:00,Quito,14.43,28.31,39.75,21.27,3.36,0.871,11.53,93.25,0.0,0.15
2026-04-28 00:00:00,Quito,16.18,11.45,25.87,,2.72,,10.61,93.87,0.0,0.63
2026-04-28 01:00:00,Quito,10.18,17.31,20.31,,,,9.87,93.75,0.1,0.83
2026-04-28 02:00:00,Quito,5.95,15.28,,14.15,,,9.71,93.23,0.0,0.66
2026-04-28 03:00:00,Quito,7.03,22.33,,12.91,,0.488,9.3,92.25,0.0,0.62
2026-04-28 04:00:00,Quito,2.36,43.42,,12.84,2.71,0.517,9.4,93.17,0.0,0.6
2026-04-28 05:00:00,Quito,7.07,57.76,17.51,13.5,3.16,0.677,10.04,91.85,0.0,0.37
2026-04-28 06:00:00,Quito,11.43,53.05,19.56,14.91,3.75,1.077,11.54,87.12,0.0,0.25
2026-04-28 07:00:00,Quito,19.1,100.13,29.84,19.99,4.94,1.52,15.22,71.37,0.0,0.44
2026-04-28 08:00:00,Quito,24.13,50.06,39.37,29.15,6.06,1.394,17.97,59.0,0.0,0.75
2026-04-28 09:00:00,Quito,,39.98,,,,,,,,
2026-04-28 10:00:00,Quito,,61.87,,,,,,,,
2026-04-28 11:00:00,Quito,,45.0,,,,,,,,
2026-04-28 12:00:00,Quito,,84.07,,,,,,,,
2026-04-28 13:00:00,Quito,,43.68,,,,,,,,
2026-04-28 14:00:00,Quito,34.75,33.0,,,4.36,0.769,19.17,54.35,0.0,2.08
2026-04-28 15:00:00,Quito,21.15,56.36,,,3.56,0.757,19.63,52.83,0.0,2.8
2026-04-28 16:00:00,Quito,38.11,40.78,,,3.49,0.841,17.94,55.29,0.0,1.63
2026-04-28 17:00:00,Quito,20.89,51.33,29.87,59.85,4.65,0.913,16.95,64.46,0.0,0.67
2026-04-28 18:00:00,Quito,31.06,26.75,35.67,53.0,3.23,1.009,13.83,86.75,0.0,1.88
2026-04-28 19:00:00,Quito,9.36,22.71,29.8,55.88,3.02,0.895,13.1,91.59,1.5,0.99
2026-04-28 20:00:00,Quito,2.27,28.18,17.67,61.83,2.89,0.6,12.49,91.82,4.6,1.13
2026-04-28 21:00:00,Quito,0.22,64.89,32.99,45.27,3.45,1.091,12.53,91.15,0.3,0.14
2026-04-28 22:00:00,Quito,6.2,29.79,28.41,51.67,3.28,0.78,12.37,92.72,0.0,0.79
2026-04-28 23:00:00,Quito,7.98,18.06,24.86,52.22,2.8,0.639,12.43,92.96,0.0,0.3
2026-04-29 00:00:00,Quito,12.72,5.62,22.37,54.17,3.66,0.568,12.18,93.56,0.0,1.23
2026-04-29 01:00:00,Quito,11.21,4.66,19.78,54.32,4.06,0.515,12.08,93.72,0.0,0.93
2026-04-29 02:00:00,Quito,14.71,20.05,24.93,42.9,5.1,0.552,11.71,94.06,0.0,0.9
2026-04-29 03:00:00,Quito,14.73,39.16,23.56,36.85,5.34,0.519,11.26,93.47,0.0,0.33
2026-04-29 04:00:00,Quito,13.58,11.09,19.6,33.92,3.89,0.55,10.55,92.99,0.0,0.76
2026-04-29 05:00:00,Quito,13.67,8.01,19.33,32.65,3.68,0.598,10.41,92.55,0.0,0.82
2026-04-29 06:00:00,Quito,9.88,45.89,17.38,31.77,3.66,0.87,11.16,87.89,0.0,0.71
2026-04-29 07:00:00,Quito,20.72,29.05,35.45,37.55,8.65,1.981,15.81,68.26,0.0,0.93
2026-04-29 08:00:00,Quito,49.6,31.2,46.79,43.87,8.15,1.766,17.04,60.14,0.0,1.87
2026-04-29 09:00:00,Quito,37.01,38.09,42.33,54.07,6.87,1.209,18.11,52.15,0.0,1.9
2026-04-29 10:00:00,Quito,33.4,22.25,36.03,59.04,8.63,1.018,18.69,53.59,0.0,1.4
2026-04-29 11:00:00,Quito,17.77,1.44,27.1,61.38,5.99,0.847,20.53,42.98,0.0,1.28
2026-04-29 12:00:00,Quito,24.78,50.5,17.6,69.81,4.38,0.651,20.87,40.67,0.0,1.55
2026-04-29 13:00:00,Quito,23.12,20.71,20.23,,4.0,0.7,21.64,40.23,0.0,1.49
2026-04-29 14:00:00,Quito,28.82,64.25,15.57,,3.89,0.62,21.27,45.29,0.0,2.95
2026-04-29 15:00:00,Quito,37.07,74.69,14.16,,3.63,0.595,20.44,48.67,0.0,3.35
2026-04-29 16:00:00,Quito,33.78,62.7,19.24,,2.81,0.696,18.29,56.66,0.0,3.0
2026-04-29 17:00:00,Quito,20.17,49.42,27.84,,3.12,0.88,17.12,60.91,0.0,2.89
2026-04-29 18:00:00,Quito,8.63,23.68,34.1,,3.33,1.071,16.36,62.91,0.0,2.68
2026-04-29 19:00:00,Quito,7.22,47.37,35.39,,4.89,1.14,15.58,66.41,0.0,2.05
2026-04-29 20:00:00,Quito,6.69,51.9,31.62,,3.73,1.031,14.56,70.88,0.0,1.08
2026-04-29 21:00:00,Quito,0.04,31.47,29.68,,3.6,1.024,13.69,75.66,0.0,0.35
2026-04-29 22:00:00,Quito,4.82,13.53,28.73,,3.1,1.069,12.49,85.84,0.0,0.46
2026-04-29 23:00:00,Quito,2.33,28.77,26.33,,3.22,1.108,11.99,87.07,0.0,0.19
2026-04-30 00:00:00,Quito,15.87,42.31,30.28,,3.35,,12.05,92.0,0.0,1.15
2026-04-30 01:00:00,Quito,12.92,19.18,27.93,,,,11.89,87.73,0.0,1.0
2026-04-30 02:00:00,Quito,5.41,25.09,,,,,11.59,80.86,0.0,0.97
2026-04-30 03:00:00,Quito,6.56,48.5,,,,0.612,10.36,83.47,0.0,0.77
2026-04-30 04:00:00,Quito,2.15,15.65,,,4.05,0.714,10.73,78.8,0.0,0.92
2026-04-30 05:00:00,Quito,0.45,31.94,23.39,,3.48,0.73,10.75,75.31,0.0,1.08
2026-04-30 06:00:00,Quito,3.14,35.37,26.04,,4.63,1.273,12.45,70.3,0.0,1.19
2026-04-30 07:00:00,Quito,7.47,31.48,27.67,,4.44,1.098,16.49,52.89,0.0,2.12
2026-04-30 08:00:00,Quito,12.22,45.44,15.29,,3.24,0.638,18.22,44.0,0.0,1.76
2026-04-30 09:00:00,Quito,3.98,28.42,14.02,,5.28,0.57,19.35,40.1,0.0,0.92
2026-04-30 10:00:00,Quito,19.46,18.27,19.63,,9.18,0.591,19.73,40.29,0.0,1.11
2026-04-30 11:00:00,Quito,18.24,0.27,12.44,,4.08,0.543,20.61,38.05,0.0,0.95
2026-04-30 12:00:00,Quito,21.74,18.39,10.38,,2.79,0.552,20.37,36.8,0.0,1.88
2026-04-30 13:00:00,Quito,14.72,29.6,10.1,,2.76,0.571,21.32,34.74,0.0,1.91
2026-04-30 14:00:00,Quito,23.08,55.29,9.25,,2.4,0.543,21.01,35.98,0.0,2.25
2026-04-30 15:00:00,Quito,26.79,37.18,14.34,,3.49,0.61,19.82,47.33,0.0,2.37
2026-04-30 16:00:00,Quito,21.45,49.64,12.43,,3.14,0.58,18.53,54.95,0.0,3.16
2026-04-30 17:00:00,Quito,17.79,11.24,17.53,,2.94,0.664,17.19,56.99,0.0,3.06
2026-04-30 18:00:00,Quito,6.57,11.25,20.58,,2.77,0.702,16.25,60.76,0.0,2.54
2026-04-30 19:00:00,Quito,1.81,30.28,21.8,,2.8,0.743,15.77,63.46,0.0,2.01
2026-04-30 20:00:00,Quito,4.93,14.68,30.21,,3.66,0.924,14.35,76.02,0.0,0.77
2026-04-30 21:00:00,Quito,4.66,56.54,28.49,,3.13,0.758,13.14,89.61,0.0,0.48
2026-04-30 22:00:00,Quito,4.27,34.13,31.93,,3.65,1.07,13.62,85.07,0.0,0.79
2026-04-30 23:00:00,Quito,1.93,8.27,28.06,,3.35,0.87,13.71,80.81,0.0,0.49
2026-05-01 00:00:00,Quito,7.72,,11.63,11.58,1.79,0.371,13.2,92.99,0.0,0.61
2026-05-01 01:00:00,Quito,10.63,,8.3,13.4,1.66,0.316,12.81,92.13,0.0,0.84
2026-05-01 02:00:00,Quito,8.32,,10.35,9.95,1.72,0.333,12.49,91.69,0.0,0.58
2026-05-01 03:00:00,Quito,10.11,,14.26,3.57,1.73,0.378,11.95,92.05,0.0,0.92
2026-05-01 04:00:00,Quito,4.48,,13.49,6.3,1.76,0.331,11.87,94.97,0.0,0.6
2026-05-01 05:00:00,Quito,11.48,,16.71,5.57,1.56,0.347,12.22,92.71,0.0,0.34
2026-05-01 06:00:00,Quito,7.51,,18.97,2.74,1.99,0.53,12.64,89.8,0.0,0.6
2026-05-01 07:00:00,Quito,10.16,,18.12,6.97,2.73,0.637,13.95,81.93,0.0,1.0
2026-05-01 08:00:00,Quito,15.11,,15.77,12.2,2.57,0.651,16.15,74.85,0.0,1.48
2026-05-01 09:00:00,Quito,25.19,,18.27,18.26,3.7,0.546,18.02,64.62,0.0,1.39
2026-05-01 10:00:00,Quito,2.32,,14.33,24.68,4.61,0.423,20.26,51.79,0.0,1.3
2026-05-01 11:00:00,Quito,25.86,,14.61,22.59,3.3,0.45,20.16,47.03,0.0,2.39
2026-05-01 12:00:00,Quito,3.85,,11.89,26.22,2.8,0.478,18.99,55.85,0.0,3.29
2026-05-01 13:00:00,Quito,14.87,,11.37,24.64,2.63,0.483,17.96,61.62,0.0,3.26
2026-05-01 14:00:00,Quito,3.4,,8.8,26.77,2.04,0.423,19.33,56.46,0.0,2.61
2026-05-01 15:00:00,Quito,11.94,,9.92,22.67,1.75,0.473,20.08,50.82,0.0,2.76
2026-05-01 16:00:00,Quito,14.23,,10.32,21.4,2.07,0.407,18.38,60.29,0.0,2.96
2026-05-01 17:00:00,Quito,18.85,,13.21,18.09,2.2,0.435,16.5,69.31,0.0,2.92
2026-05-01 18:00:00,Quito,12.19,,20.86,9.34,2.16,0.56,15.09,76.26,0.0,2.52
2026-05-01 19:00:00,Quito,17.8,,22.09,7.95,2.14,0.57,13.99,80.51,0.0,2.17
2026-05-01 20:00:00,Quito,11.56,,20.48,10.28,1.76,0.517,12.99,87.98,0.0,2.07
2026-05-01 21:00:00,Quito,7.19,,19.68,10.73,2.03,0.509,12.37,93.25,0.0,0.91
2026-05-01 22:00:00,Quito,9.67,,26.86,2.52,1.73,0.67,11.97,96.09,0.0,0.31
2026-05-01 23:00:00,Quito,18.36,,18.85,8.99,1.69,0.449,12.02,94.85,0.0,0.56
2026-05-02 00:00:00,Quito,6.93,,22.28,,1.79,,12.39,91.5,0.0,0.26
2026-05-02 01:00:00,Quito,15.58,,18.95,,,,12.19,93.51,0.0,0.63
2026-05-02 02:00:00,Quito,4.54,,,6.62,,,12.35,91.94,0.0,0.44
2026-05-02 03:00:00,Quito,9.18,,,8.66,,0.378,12.39,91.36,0.0,0.83
2026-05-02 04:00:00,Quito,6.78,,,12.76,1.67,0.318,11.96,94.36,0.0,0.86
2026-05-02 05:00:00,Quito,3.65,,14.26,9.77,1.48,0.352,12.17,92.1,0.0,0.43
2026-05-02 06:00:00,Quito,10.88,,14.47,9.24,1.83,0.413,12.48,90.15,0.0,0.52
2026-05-02 07:00:00,Quito,5.86,,20.05,8.15,2.47,0.588,13.76,84.26,0.0,0.48
2026-05-02 08:00:00,Quito,14.51,,16.74,14.28,2.87,0.562,16.34,69.55,0.0,1.15
2026-05-02 09:00:00,Quito,18.03,,14.38,18.15,3.49,0.478,17.67,63.84,0.0,0.83
2026-05-02 10:00:00,Quito,0.26,,13.51,24.29,3.36,0.411,19.76,48.9,0.0,1.85
2026-05-02 11:00:00,Quito,3.54,,11.21,25.99,3.06,0.398,21.05,42.64,0.0,2.51
2026-05-02 12:00:00,Quito,8.72,,6.81,27.12,2.27,0.351,20.05,41.15,0.0,5.03
2026-05-02 13:00:00,Quito,16.47,,7.41,24.49,1.96,0.36,19.22,41.82,0.0,4.18
2026-05-02 14:00:00,Quito,1.06,,6.49,24.61,2.0,0.338,17.84,45.56,0.0,4.59
2026-05-02 15:00:00,Quito,0.0,,6.45,25.75,1.97,0.353,18.56,42.45,0.0,3.72
2026-05-02 16:00:00,Quito,9.7,,9.94,21.82,1.83,0.403,17.91,45.32,0.0,3.11
2026-05-02 17:00:00,Quito,8.03,,15.25,15.38,1.81,0.483,16.67,60.5,0.0,0.91
2026-05-02 18:00:00,Quito,10.55,,16.36,12.88,1.87,0.468,15.0,76.03,0.0,2.2
2026-05-02 19:00:00,Quito,16.7,,19.79,9.13,2.16,0.501,14.74,76.07,0.0,1.95
2026-05-02 20:00:00,Quito,12.68,,23.91,5.53,2.22,0.536,14.22,80.58,0.0,1.39
2026-05-02 21:00:00,Quito,16.64,,24.3,4.41,2.67,0.48,14.18,78.07,0.0,1.47
2026-05-02 22:00:00,Quito,17.48,,25.03,3.06,2.53,0.531,13.44,87.97,0.0,1.27
2026-05-02 23:00:00,Quito,11.92,,21.34,4.78,1.91,0.469,12.99,93.08,0.0,1.12
2026-05-03 00:00:00,Quito,15.66,,21.67,3.55,1.95,0.45,12.76,94.17,0.0,0.83
2026-05-03 01:00:00,Quito,12.74,,17.43,5.43,1.84,0.381,12.72,92.74,0.0,0.19
2026-05-03 02:00:00,Quito,13.1,,16.03,5.92,2.03,0.377,12.56,92.71,0.0,1.07
2026-05-03 03:00:00,Quito,9.1,,10.52,10.79,2.07,0.301,12.17,93.59,0.0,0.87
2026-05-03 04:00:00,Quito,12.45,,12.02,9.59,2.0,0.317,12.31,91.26,0.0,0.24
2026-05-03 05:00:00,Quito,9.66,,12.83,7.43,1.87,0.356,12.04,93.52,0.0,0.32
2026-05-03 06:00:00,Quito,13.1,,14.86,6.38,1.85,0.41,12.21,94.91,0.0,0.22
2026-05-03 07:00:00,Quito,7.46,,18.77,7.27,2.36,0.581,14.13,82.25,0.0,0.4
2026-05-03 08:00:00,Quito,12.22,,14.64,12.96,2.67,0.516,15.69,72.95,0.0,0.56
2026-05-03 09:00:00,Quito,19.6,,16.34,16.29,2.94,0.542,16.32,71.56,0.0,0.87
2026-05-03 10:00:00,Quito,5.94,,8.39,27.52,2.39,0.392,17.59,63.06,0.0,2.56
2026-05-03 11:00:00,Quito,9.86,,10.8,29.41,2.31,0.455,18.18,59.4,0.0,2.83
2026-05-03 12:00:00,Quito,16.05,,14.01,22.46,2.37,0.528,17.02,71.47,0.0,3.02
2026-05-03 13:00:00,Quito,8.97,,8.0,26.86,2.2,0.418,17.62,68.38,0.0,3.54
2026-05-03 14:00:00,Quito,13.24,,6.76,26.94,2.12,0.357,17.2,68.64,0.0,3.29
2026-05-03 15:00:00,Quito,4.77,,8.89,23.77,2.18,0.389,16.64,72.95,0.0,2.58
2026-05-03 16:00:00,Quito,6.34,,11.76,18.59,1.81,0.495,16.47,73.71,0.0,2.21
2026-05-03 17:00:00,Quito,11.04,,15.28,11.52,1.63,0.508,15.18,81.96,0.0,2.14
2026-05-03 18:00:00,Quito,9.28,,16.07,6.9,1.78,0.531,13.3,93.28,0.0,2.11
2026-05-03 19:00:00,Quito,12.49,,18.02,4.91,1.84,0.567,12.9,93.13,0.0,1.81
2026-05-03 20:00:00,Quito,5.32,,20.95,2.4,1.8,0.612,12.8,93.07,0.0,1.26
2026-05-03 21:00:00,Quito,15.26,,21.8,1.28,2.18,0.753,12.59,95.02,0.0,0.52
2026-05-03 22:00:00,Quito,14.19,,21.72,0.72,2.14,0.658,12.47,95.64,0.0,0.53
2026-05-03 23:00:00,Quito,10.01,,21.93,0.66,1.86,0.534,12.03,97.84,0.0,0.36
2026-05-04 00:00:00,Quito,16.38,,21.37,,1.84,,12.13,97.06,0.0,0.26
2026-05-04 01:00:00,Quito,8.32,,19.6,,,,12.26,92.5,0.0,0.52
2026-05-04 02:00:00,Quito,14.02,,,3.56,,,11.73,94.19,0.0,0.99
2026-05-04 03:00:00,Quito,7.62,,,4.83,,0.356,11.76,94.68,0.0,0.24
2026-05-04 04:00:00,Quito,12.26,,,7.13,1.75,0.326,11.69,93.74,0.0,1.14
2026-05-04 05:00:00,Quito,5.65,,13.17,5.9,1.89,0.457,11.74,92.11,0.0,0.59
2026-05-04 06:00:00,Quito,11.88,,20.41,2.07,2.12,0.631,12.61,87.21,0.0,0.42
2026-05-04 07:00:00,Quito,10.98,,22.93,4.96,2.69,0.95,14.09,81.41,0.0,1.14
2026-05-04 08:00:00,Quito,12.32,,14.16,11.78,2.63,0.591,16.14,70.88,0.0,0.94
2026-05-04 09:00:00,Quito,8.78,,15.8,17.52,3.2,0.514,18.1,61.38,0.0,0.24
2026-05-04 10:00:00,Quito,22.88,,15.32,28.19,2.8,0.454,19.53,54.51,0.0,1.73
2026-05-04 11:00:00,Quito,14.0,,9.69,29.24,2.24,0.391,19.0,58.44,0.0,3.16
2026-05-04 12:00:00,Quito,8.31,,9.43,29.44,1.89,0.404,18.48,63.03,0.0,3.57
2026-05-04 13:00:00,Quito,0.74,,8.16,27.83,2.33,0.414,18.6,62.46,0.0,3.4
2026-05-04 14:00:00,Quito,12.73,,8.07,25.47,1.76,0.379,18.4,63.7,0.0,3.65
2026-05-04 15:00:00,Quito,7.45,,8.01,26.14,2.0,0.377,18.23,64.23,0.0,2.74
2026-05-04 16:00:00,Quito,11.39,,10.33,19.24,1.98,0.406,17.04,71.22,0.0,3.44
2026-05-04 17:00:00,Quito,17.46,,14.34,10.71,1.89,0.476,14.98,83.46,0.0,2.91
2026-05-04 18:00:00,Quito,15.77,,21.36,4.46,1.74,0.582,13.86,90.39,0.0,2.23
2026-05-04 19:00:00,Quito,,,,,,,,,,
2026-05-04 20:00:00,Quito,,,,,,,,,,
2026-05-04 21:00:00,Quito,,,,,,,,,,
2026-05-04 22:00:00,Quito,,,,,,,,,,
2026-05-04 23:00:00,Quito,,,,,,,,,,
